Name,ediSONPortCode,ModeOfTransport,CountryCode,LocationDescription,Enabled
AEAJM,AJMAE,SEA,AE,AJMAN,Y
AEAUH,AUHAE,SEA,AE,ABU DHABI,Y
AEFUJ,FUJAE,SEA,AE,FUJAIRAH,Y
AEJEA,JEAAE,SEA,AE,JEBEL ALI,Y
AEKLF,KLFAE,SEA,AE,KHOR AL FAKKAN,Y
AEQIW,QIWAE,SEA,AE,UMM AL QAIWAIN,Y
AESHJ,SHJAE,SEA,AE,SHARJAH,Y
ALDRZ,DRZAL,SEA,AL,DURRES,Y
AOCAB,CABAO,SEA,AO,CABINDA,Y
AOLAD,LADAO,SEA,AO,LUANDA,Y
AOLOB,LOBAO,SEA,AO,LOBITO,Y
AOMSZ,MSZAO,SEA,AO,NAMIBE,Y
ARBUE,BUEAR,SEA,AR,BUENOS AIRES,Y
ARROS,ROSAR,SEA,AR,ROSARIO,Y
ARUSH,USHAR,SEA,AR,USHUAIA,Y
ARZAE,ZAEAR,SEA,AR,ZARATE,Y
ATSVT,SVTAT,SEA,AT,"ST PAUL,AT",Y
AUADL,ADLAU,SEA,AU,ADELAIDE,Y
AUBNE,BNEAU,SEA,AU,BRISBANE,Y
AUFRE,FREAU,SEA,AU,FREMANTLE,Y
AUMEL,MELAU,SEA,AU,MELBOURNE,Y
AUSYD,SYDAU,SEA,AU,SYDNEY,Y
AWAUA,AUAAW,SEA,AW,ARUBA,Y
AWBAR,BARAW,SEA,AW,BARCADERA,Y
BBBGI,BGIBB,SEA,BB,BRIDGETOWN,Y
BDCGP,CGPBD,SEA,BD,CHITTAGONG,Y
BDDAC,DACBD,SEA,BD,DHAKA,Y
BDMGL,MGLBD,SEA,BD,MONGLA,Y
BEANR,ANRBE,SEA,BE,ANTWERP,Y
BEBGA,BGABE,SEA,BE,BELGRADE,Y
BEZEE,ZEEBE,SEA,BE,ZEEBRUGGE,Y
BGBOJ,BOJBG,SEA,BG,BURGAS,Y
BGVAR,VARBG,SEA,BG,VARNA,Y
BHBAH,BAHBH,SEA,BH,BAHRAIN,Y
BJCOO,COOBJ,SEA,BJ,COTONOU,Y
BMBDA,BDABM,SEA,BM,HAMILTON,Y
BRIGI,IGIBR,SEA,BR,ITAGUAI,Y
BRIOA,IOABR,SEA,BR,ITAPOA,Y
BRITJ,ITJBR,SEA,BR,ITAJAI,Y
BRMAO,MAOBR,SEA,BR,MANAUS,Y
BRNVT,NVTBR,SEA,BR,NAVEGANTES,Y
BRPEC,PECBR,SEA,BR,PECEM,Y
BRPNG,PNGBR,SEA,BR,PARANAGUA,Y
BRRIG,RIGBR,SEA,BR,RIO GRANDE,Y
BRRIO,RIOBR,SEA,BR,RIO DE JANEIRO,Y
BRSPB,SPBBR,SEA,BR,SEPETIBA,Y
BRSSA,SSABR,SEA,BR,SALVADOR,Y
BRSSZ,SSZBR,SEA,BR,SANTOS,Y
BRSUA,SUABR,SEA,BR,SUAPE,Y
BRVIX,VIXBR,SEA,BR,VITORIA,Y
BSFPO,FPOBS,SEA,BS,"FREEPORT, GRAND BAHAMA",Y
BSNAS,NASBS,SEA,BS,NASSAU,Y
BZBZE,BZEBZ,SEA,BZ,BELIZE CITY,Y
CACAL,CALCA,SEA,CA,"CALGARY,AB,CA",Y
CAEDM,EDMCA,SEA,CA,"EDMONTON,AB,CA",Y
CAHAL,HALCA,SEA,CA,"HALIFAX,NS,CA",Y
CAMTR,MTRCA,SEA,CA,"MONTREAL,QC,CA",Y
CAPRR,PRRCA,SEA,CA,"PRINCE RUPERT,BC,CA",Y
CAREG,REGCA,SEA,CA,"REGINA,SK,CA",Y
CASAK,SAKCA,SEA,CA,"SASKATOON,SK,CA",Y
CATOR,TORCA,SEA,CA,"TORONTO,ON,CA",Y
CAVAN,VANCA,SEA,CA,"VANCOUVER,BC,CA",Y
CAWNP,WNPCA,SEA,CA,"WINNIPEG,MB,CA",Y
CDMAT,MATCD,SEA,CD,MATADI,Y
CGPNR,PNRCG,SEA,CG,POINTE NOIRE,Y
CIABJ,ABJCI,SEA,CI,ABIDJAN,Y
CLANF,ANFCL,SEA,CL,ANTOFAGASTA,Y
CLARI,ARICL,SEA,CL,ARICA,Y
CLCLD,CLDCL,SEA,CL,CALDERA,Y
CLCNL,CNLCL,SEA,CL,CORONEL,Y
CLIQQ,IQQCL,SEA,CL,IQUIQUE,Y
CLLQN,LQNCL,SEA,CL,LIRQUEN,Y
CLPAG,PAGCL,SEA,CL,PUERTO ANGAMOS,Y
CLSAI,SAICL,SEA,CL,"SAN ANTONIO,VS,CL",Y
CLSCL,SCLCL,SEA,CL,SANTIAGO,Y
CLSVE,SVECL,SEA,CL,SAN VICENTE,Y
CLVAP,VAPCL,SEA,CL,VALPARAISO,Y
CMDLA,DLACM,SEA,CM,DOUALA,Y
CNAQG,AQGCN,SEA,CN,ANQING,Y
CNBHY,BHYCN,SEA,CN,BEIHAI,Y
CNCAN,CANCN,SEA,CN,GUANGZHOU,Y
CNCGU,CGUCN,SEA,CN,CHANGSHU,Y
CNCKG,CKGCN,SEA,CN,CHONGQING,Y
CNCSX,CSXCN,SEA,CN,CHANGSHA,Y
CNCTU,CTUCN,SEA,CN,CHENGDU,Y
CNCWN,CWNCN,SEA,CN,CHIWAN,Y
CNCZX,CZXCN,SEA,CN,CHANGZHOU,Y
CNDCB,DCBCN,SEA,CN,DA CHAN BAY,Y
CNDFE,DFECN,SEA,CN,DAFENG,Y
CNDGG,DGGCN,SEA,CN,DONGGUAN,Y
CNDLC,DLCCN,SEA,CN,DALIAN,Y
CNDOU,DOUCN,SEA,CN,DOUMEN,Y
CNFAN,FANCN,SEA,CN,FANGCHENG,Y
CNFOC,FOCCN,SEA,CN,FUZHOU,Y
CNFOS,FOSCN,SEA,CN,FOSHAN,Y
CNFUG,FUGCN,SEA,CN,FUQING,Y
CNGAS,GASCN,SEA,CN,GAOSHA,Y
CNGAY,GAYCN,SEA,CN,GAOYAO,Y
CNGGY,GGYCN,SEA,CN,GONGYI,Y
CNGOM,GOMCN,SEA,CN,GAOMING,Y
CNGON,GONCN,SEA,CN,GAOLAN,Y
CNGUI,GUICN,SEA,CN,GUILIN,Y
CNHAK,HAKCN,SEA,CN,HAIKOU,Y
CNHDG,HDGCN,SEA,CN,HUADU,Y
CNHFE,HFECN,SEA,CN,HEFEI,Y
CNHGH,HGHCN,SEA,CN,HANGZHOU,Y
CNHGW,HGWCN,SEA,CN,HONGWAN,Y
CNHIN,HINCN,SEA,CN,HAINING,Y
CNHME,HMECN,SEA,CN,HAIMEN,Y
CNHSI,HSICN,SEA,CN,HUANGSHI,Y
CNHUA,HUACN,SEA,CN,HUANGPU,Y
CNHUI,HUICN,SEA,CN,HUIZHOU,Y
CNHYN,HYNCN,SEA,CN,HUANGYAN,Y
CNJHA,JHACN,SEA,CN,JINHUA,Y
CNJGZ,JGZCN,SEA,CN,JINGZHOU HUBEI,Y
CNJIA,JIACN,SEA,CN,JIANGYIN - JIANGSU,Y
CNJIU,JIUCN,SEA,CN,JIUJIANG JIANGXI,Y
CNJIX,JIXCN,SEA,CN,JIAXING,Y
CNJMN,JMNCN,SEA,CN,JIANGMEN,Y
CNJNZ,JNZCN,SEA,CN,JINZHOU,Y
CNJUJ,JUJCN,SEA,CN,JIUJIANG GUANGDONG,Y
CNKHN,KHNCN,SEA,CN,NANCHANG,Y
CNLAN,LANCN,SEA,CN,LANSHI,Y
CNLHN,LHNCN,SEA,CN,LINHAI,Y
CNLIH,LIHCN,SEA,CN,LIANHUASHAN,Y
CNLKU,LKUCN,SEA,CN,LONGKOU,Y
CNLUU,LUUCN,SEA,CN,LELIU,Y
CNLYG,LYGCN,SEA,CN,LIANYUNGANG,Y
CNMAA,MAACN,SEA,CN,MAANSHAN,Y
CNMAW,MAWCN,SEA,CN,MAWEI,Y
CNMFG,MFGCN,SEA,CN,MAFANG,Y
CNMWN,MWNCN,SEA,CN,MAWAN,Y
CNNAH,NAHCN,SEA,CN,NANHAI,Y
CNNGB,NGBCN,SEA,CN,NINGBO,Y
CNNGG,NGGCN,SEA,CN,NANGANG,Y
CNNIG,NIGCN,SEA,CN,NANNING,Y
CNNKG,NKGCN,SEA,CN,NANJING,Y
CNNSA,NSACN,SEA,CN,NANSHA,Y
CNNTG,NTGCN,SEA,CN,NANTONG,Y
CNPUT,PUTCN,SEA,CN,PUTIAN,Y
CNPYU,PYUCN,SEA,CN,PANYU,Y
CNQYN,QYNCN,SEA,CN,QINGYUAN,Y
CNQZH,QZHCN,SEA,CN,QINZHOU,Y
CNQZJ,QZJCN,SEA,CN,QUANZHOU,Y
CNROQ,ROQCN,SEA,CN,RONGQI,Y
CNSDG,SDGCN,SEA,CN,SHUI DONG,Y
CNSHA,SHACN,SEA,CN,SHANGHAI,Y
CNSHD,SHDCN,SEA,CN,SHIDAO,Y
CNSHG,SHGCN,SEA,CN,SANSHAN,Y
CNSHK,SHKCN,SEA,CN,SHEKOU,Y
CNSHP,SHPCN,SEA,CN,QINHUANGDAO,Y
CNSHS,SHSCN,SEA,CN,SHASHI,Y
CNSIH,SIHCN,SEA,CN,SIHUI,Y
CNSIN,SINCN,SEA,CN,SHATIAN,Y
CNSJQ,SJQCN,SEA,CN,SANSHUI,Y
CNSNW,SNWCN,SEA,CN,SHENWAN,Y
CNSUD,SUDCN,SEA,CN,SHUNDE,Y
CNSUQ,SUQCN,SEA,CN,SUQIAN,Y
CNSWA,SWACN,SEA,CN,SHANTOU,Y
CNSXG,SXGCN,SEA,CN,SHAOXING,Y
CNSZX,SZXCN,SEA,CN,SHENZHEN,Y
CNTAG,TAGCN,SEA,CN,TAICANG,Y
CNTAO,TAOCN,SEA,CN,QINGDAO,Y
CNTAS,TASCN,SEA,CN,TANGSHAN,Y
CNTGZ,TGZCN,SEA,CN,TENGZHOU,Y
CNTOL,TOLCN,SEA,CN,TONGLING,Y
CNTSH,TSHCN,SEA,CN,TAISHAN,Y
CNTSN,TSNCN,SEA,CN,TIANJIN,Y
CNTXG,TXGCN,SEA,CN,XINGANG,Y
CNTZO,TZOCN,SEA,CN,TAIZHOU,Y
CNWAI,WAICN,SEA,CN,WAIHAI,Y
CNWEI,WEICN,SEA,CN,WEIHAI,Y
CNWHI,WHICN,SEA,CN,WUHU,Y
CNWNZ,WNZCN,SEA,CN,WENZHOU,Y
CNWUH,WUHCN,SEA,CN,WUHAN,Y
CNWUZ,WUZCN,SEA,CN,WUZHOU,Y
CNXAO,XAOCN,SEA,CN,XIAOLAN,Y
CNXIN,XINCN,SEA,CN,XINHUI,Y
CNXIT,XITCN,SEA,CN,XINTANG,Y
CNXMN,XMNCN,SEA,CN,XIAMEN,Y
CNXTA,XTACN,SEA,CN,XIANGTAN,Y
CNYIB,YIBCN,SEA,CN,YIBIN,Y
CNYIC,YICCN,SEA,CN,YICHANG,Y
CNYIK,YIKCN,SEA,CN,YINGKOU,Y
CNYNF,YNFCN,SEA,CN,YUN FU,Y
CNYNT,YNTCN,SEA,CN,YANTAI,Y
CNYPG,YPGCN,SEA,CN,YANGPU,Y
CNYQS,YQSCN,SEA,CN,BEIJIAO,Y
CNYIW,YIWCN,SEA,CN,YIWU,Y
CNYTN,YTNCN,SEA,CN,YANTIAN,Y
CNYUY,YUYCN,SEA,CN,YUE YANG,Y
CNYZH,YZHCN,SEA,CN,YANGZHOU,Y
CNZAP,ZAPCN,SEA,CN,ZHAPU,Y
CNZGA,ZGACN,SEA,CN,ZHONGSHAN,Y
CNZHA,ZHACN,SEA,CN,ZHANJIANG,Y
CNZHE,ZHECN,SEA,CN,ZHENJIANG,Y
CNZJG,ZJGCN,SEA,CN,ZHANGJIAGANG,Y
CNZQG,ZQGCN,SEA,CN,ZHAOQING,Y
CNZUH,ZUHCN,SEA,CN,ZHUHAI,Y
COBAQ,BAQCO,SEA,CO,BARRANQUILLA,Y
COBUN,BUNCO,SEA,CO,BUENAVENTURA,Y
COCTG,CTGCO,SEA,CO,"CARTAGENA,CO",Y
COSMR,SMRCO,SEA,CO,SANTA MARTA,Y
CRCAL,CALCR,SEA,CR,PUERTO CALDERA,Y
CRLIO,LIOCR,SEA,CR,PUERTO LIMON,Y
CRMOB,MOBCR,SEA,CR,MOIN,Y
CRSJO,SJOCR,SEA,CR,SAN JOSE,Y
CUMAR,MARCU,SEA,CU,"MARIEL, LA HABANA",Y
CUMRL,MRLCU,SEA,CU,MARIEL,Y
CUSCU,SCUCU,SEA,CU,SANTIAGO DE CUBA,Y
CVMIN,MINCV,SEA,CV,MINDELO,Y
CVRAI,RAICV,SEA,CV,PRAIA,Y
CWWTD,WTDCW,SEA,CW,"WILLEMSTAD, CURACAO",Y
CYLMS,LMSCY,SEA,CY,LIMASSOL,Y
CZMEL,MELCZ,SEA,CZ,MELNIK,Y
CZPRB,PRBCZ,SEA,CZ,PARDUBICE,Y
DEBGE,BGEDE,SEA,DE,"BERGEN,MV,DE",Y
DEBRV,BRVDE,SEA,DE,BREMERHAVEN,Y
DEHAM,HAMDE,SEA,DE,HAMBURG,Y
DEMUN,MUNDE,SEA,DE,MUNICH,Y
DEWVN,WVNDE,SEA,DE,WILHELMSHAVEN,Y
DKAAR,AARDK,SEA,DK,AARHUS,Y
DKCPH,CPHDK,SEA,DK,COPENHAGEN,Y
DKTHO,THODK,SEA,DK,TORSHAVN,Y
DKTLV,TLVDK,SEA,DK,TAULOV,Y
DMRSU,RSUDM,SEA,DM,ROSEAU,Y
DOCAU,CAUDO,SEA,DO,CAUCEDO,Y
DOHAI,HAIDO,SEA,DO,RIO HAINA,Y
DZAAE,AAEDZ,SEA,DZ,ANNABA (EX BONE),Y
DZALG,ALGDZ,SEA,DZ,ALGIERS,Y
DZBJA,BJADZ,SEA,DZ,BEJAIA (EX BOUGIE),Y
DZORN,ORNDZ,SEA,DZ,ORAN,Y
DZSKI,SKIDZ,SEA,DZ,SKIKDA,Y
ECGYE,GYEEC,SEA,EC,GUAYAQUIL,Y
EESLM,SLMEE,SEA,EE,SILLAMAE,Y
EETLL,TLLEE,SEA,EE,TALLINN,Y
EGDAM,DAMEG,SEA,EG,DAMIETTA,Y
EGED1,ED1EG,SEA,EG,"ALEXANDRIA,EG",Y
EGEDK,EDKEG,SEA,EG,"DEKHEILA - ALEXANDRIA,EG",Y
EGPSD,PSDEG,SEA,EG,PORT SAID,Y
EGPSE,PSEEG,SEA,EG,PORT SAID EAST,Y
EGPSW,PSWEG,SEA,EG,PORT SAID WEST,Y
EGSOK,SOKEG,SEA,EG,SOKHNA,Y
ESAGP,AGPES,SEA,ES,MALAGA,Y
ESALC,ALCES,SEA,ES,ALICANTE,Y
ESALG,ALGES,SEA,ES,ALGECIRAS,Y
ESBCN,BCNES,SEA,ES,BARCELONA,Y
ESBIO,BIOES,SEA,ES,BILBAO,Y
ESCAD,CADES,SEA,ES,CADIZ,Y
ESCAR,CARES,SEA,ES,"CARTAGENA,ES",Y
ESCEU,CEUES,SEA,ES,CEUTA,Y
ESLEI,LEIES,SEA,ES,ALMERIA,Y
ESLPA,LPAES,SEA,ES,LAS PALMAS,Y
ESMLN,MLNES,SEA,ES,MELILLA,Y
ESMPG,MPGES,SEA,ES,MARIN,Y
ESSVQ,SVQES,SEA,ES,SEVILLE,Y
ESTAR,TARES,SEA,ES,TARRAGONA,Y
ESTCI,TCIES,SEA,ES,TENERIFE,Y
ESVGO,VGOES,SEA,ES,VIGO,Y
ESVLC,VLCES,SEA,ES,VALENCIA,Y
FIHEL,HELFI,SEA,FI,HELSINKI,Y
FIKTK,KTKFI,SEA,FI,KOTKA,Y
FIOLU,OLUFI,SEA,FI,OULU,Y
FIRAU,RAUFI,SEA,FI,RAUMA,Y
FITOR,TORFI,SEA,FI,TORNIO (TORNEA),Y
FRBES,BESFR,SEA,FR,BREST,Y
FRBOD,BODFR,SEA,FR,BORDEAUX,Y
FRDKK,DKKFR,SEA,FR,DUNKERQUE,Y
FRFOS,FOSFR,SEA,FR,FOS SUR MER,Y
FRIRK,IRKFR,SEA,FR,"DUNKIRK,FR",Y
FRLEH,LEHFR,SEA,FR,LE HAVRE,Y
FRLRH,LRHFR,SEA,FR,LA ROCHELLE,Y
FRMTX,MTXFR,SEA,FR,MONTOIR DE BRETAGNE,Y
FRURO,UROFR,SEA,FR,ROUEN,Y
GALBV,LBVGA,SEA,GA,LIBREVILLE,Y
GBBEL,BELGB,SEA,GB,"BELFAST, UK",Y
GBBHM,BHMGB,SEA,GB,"BIRMINGHAM,BIR,GB",Y
GBBOS,BOSGB,SEA,GB,"BOSTON,LIN,GB",Y
GBFXT,FXTGB,SEA,GB,FELIXSTOWE,Y
GBGRG,GRGGB,SEA,GB,GRANGEMOUTH,Y
GBIMM,IMMGB,SEA,GB,IMMINGHAM,Y
GBKNS,KNSGB,SEA,GB,"KINGSTON,STS,GB",Y
GBLGB,LGBGB,SEA,GB,LONDON GATEWAY,Y
GBLIV,LIVGB,SEA,GB,"LIVERPOOL,LIV,GB",Y
GBMNC,MNCGB,SEA,GB,MANCHESTER,Y
GBNLN,NLNGB,SEA,GB,"NELSON,LAN,GB",Y
GBPRU,PRUGB,SEA,GB,PORTBURY,Y
GBSOU,SOUGB,SEA,GB,SOUTHAMPTON,Y
GBSSH,SSHGB,SEA,GB,SOUTH SHIELDS,Y
GBTEE,TEEGB,SEA,GB,TEESPORT,Y
GDSTG,STGGD,SEA,GD,SAINT GEORGE'S,Y
GEBUS,BUSGE,SEA,GE,BATUMI,Y
GEPTI,PTIGE,SEA,GE,POTI,Y
GHTEM,TEMGH,SEA,GH,TEMA,Y
GHTKD,TKDGH,SEA,GH,TAKORADI,Y
GMBJL,BJLGM,SEA,GM,BANJUL,Y
GNCKY,CKYGN,SEA,GN,CONAKRY,Y
GQBSG,BSGGQ,SEA,GQ,BATA,Y
GQSSG,SSGGQ,SEA,GQ,MALABO,Y
GRPIR,PIRGR,SEA,GR,PIRAEUS,Y
GRSKG,SKGGR,SEA,GR,THESSALONIKI,Y
GTIZ4,IZ4GT,SEA,GT,SANTO TOMAS DE CASTILLA,Y
GTPRQ,PRQGT,SEA,GT,PUERTO QUETZAL,Y
GWOXB,OXBGW,SEA,GW,BISSAU,Y
GYGTG,GTGGY,SEA,GY,"GEORGETOWN, GUYANA",Y
HKHKG,HKGHK,SEA,HK,HONG KONG,Y
HNPCR,PCRHN,SEA,HN,PUERTO CORTES,Y
HNSAP,SAPHN,SEA,HN,SAN PEDRO SULA,Y
HNSLO,SLOHN,SEA,HN,SAN LORENZO,Y
HNTGU,TGUHN,SEA,HN,TEGUCIGALPA,Y
HRPLE,PLEHR,SEA,HR,PLOCE,Y
HRRJK,RJKHR,SEA,HR,RIJEKA,Y
HRSPU,SPUHR,SEA,HR,SPLIT,Y
HTPAP,PAPHT,SEA,HT,PORT AU PRINCE,Y
HTTPL,TPLHT,SEA,HT,LAFITO,Y
HUBUD,BUDHU,SEA,HU,BUDAPEST,Y
IDBIT,BITID,SEA,ID,BITUNG,Y
IDBLW,BLWID,SEA,ID,BELAWAN,Y
IDBOA,BOAID,SEA,ID,BENOA,Y
IDDJB,DJBID,SEA,ID,JAMBI,Y
IDJKT,JKTID,SEA,ID,JAKARTA,Y
IDMAK,MAKID,SEA,ID,MAKASSAR,Y
IDMRK,MRKID,SEA,ID,"MERAK, JAVA",Y
IDPDG,PDGID,SEA,ID,PADANG,Y
IDPNJ,PNJID,SEA,ID,PANJANG,Y
IDPWG,PWGID,SEA,ID,PERAWANG,Y
IDSRG,SRGID,SEA,ID,SEMARANG,Y
IDSUB,SUBID,SEA,ID,SURABAYA,Y
IDTTI,TTIID,SEA,ID,TEBING TINGGI JAMBI,Y
IDXXX,XXXID,SEA,ID,INDONESIA BASELINE,Y
IEBEF,BEFIE,SEA,IE,BELFAST NORTHERN IRELAND,Y
IEDUB,DUBIE,SEA,IE,"DUBLIN,IE",Y
IEKLK,KLKIE,SEA,IE,KILKENNY,Y
IEORK,ORKIE,SEA,IE,CORK CO CORK,Y
ILASH,ASHIL,SEA,IL,ASHDOD,Y
ILHFA,HFAIL,SEA,IL,HAIFA,Y
INBOM,BOMIN,SEA,IN,MUMBAI,Y
INCCU,CCUIN,SEA,IN,KOLKATA,Y
INCOK,COKIN,SEA,IN,COCHIN,Y
INENR,ENRIN,SEA,IN,ENNORE,Y
INHAL,HALIN,SEA,IN,HALDIA PORT,Y
INHZR,HZRIN,SEA,IN,HAZIRA,Y
INICD,ICDIN,SEA,IN,NEW DELHI,Y
INIXE,IXEIN,SEA,IN,MANGALORE,Y
INKAK,KAKIN,SEA,IN,KAKINADA,Y
INKAT,KATIN,SEA,IN,KATTUPALLI,Y
INKRI,KRIIN,SEA,IN,KRISHNAPATNAM,Y
INMAA,MAAIN,SEA,IN,CHENNAI,Y
INMAD,MADIN,SEA,IN,"MADRAS,IN",Y
INMRM,MRMIN,SEA,IN,MARMAGAO,Y
INMUN,MUNIN,SEA,IN,MUNDRA,Y
INNML,NMLIN,SEA,IN,NEW MANGALORE,Y
INNS1,NS1IN,SEA,IN,NHAVA SHEVA,Y
INNSA,NSAIN,SEA,IN,JAWAHARLAL NEHRU,Y
INPAV,PAVIN,SEA,IN,PIPAVAV,Y
INTUT,TUTIN,SEA,IN,TUTICORIN,Y
INVTZ,VTZIN,SEA,IN,VISAKHAPATNAM,Y
IQBSR,BSRIQ,SEA,IQ,BASRA,Y
IQUQR,UQRIQ,SEA,IQ,UMM QASR,Y
IRBND,BNDIR,SEA,IR,BANDAR ABBAS,Y
IRBUZ,BUZIR,SEA,IR,BUSHEHR,Y
IRKHO,KHOIR,SEA,IR,KHORRAMSHAHR,Y
IRMRX,MRXIR,SEA,IR,BANDAR-E MAHSHAHR,Y
ITAOI,AOIIT,SEA,IT,ANCONA,Y
ITBRI,BRIIT,SEA,IT,BARI,Y
ITCTA,CTAIT,SEA,IT,CATANIA,Y
ITCVV,CVVIT,SEA,IT,CIVITAVECCHIA,Y
ITGIT,GITIT,SEA,IT,GIOIA TAURO,Y
ITGOA,GOAIT,SEA,IT,GENOA,Y
ITLIV,LIVIT,SEA,IT,LIVORNO,Y
ITNAP,NAPIT,SEA,IT,NAPLES,Y
ITRAN,RANIT,SEA,IT,RAVENNA,Y
ITSAL,SALIT,SEA,IT,SALERNO,Y
ITSPE,SPEIT,SEA,IT,LA SPEZIA,Y
ITTRS,TRSIT,SEA,IT,TRIESTE,Y
ITVCE,VCEIT,SEA,IT,VENEZIA,Y
ITVDL,VDLIT,SEA,IT,VADO LIGURE,Y
JMKIN,KINJM,SEA,JM,"KINGSTON,JM",Y
JMMNB,MNBJM,SEA,JM,MONTEGO BAY,Y
JOAQJ,AQJJO,SEA,JO,AQABA,Y
JPHKT,HKTJP,SEA,JP,HAKATA,Y
JPMOJ,MOJJP,SEA,JP,MOJI,Y
JPNGO,NGOJP,SEA,JP,NAGOYA,Y
JPOMZ,OMZJP,SEA,JP,OMAEZAKI,Y
JPOSA,OSAJP,SEA,JP,OSAKA,Y
JPSDJ,SDJJP,SEA,JP,SENDAI,Y
JPSMZ,SMZJP,SEA,JP,SHIMIZU,Y
JPTMK,TMKJP,SEA,JP,TOMAKOMAI,Y
JPTYO,TYOJP,SEA,JP,TOKYO,Y
JPUKB,UKBJP,SEA,JP,KOBE,Y
JPYKK,YKKJP,SEA,JP,YOKKAICHI,Y
JPYOK,YOKJP,SEA,JP,YOKOHAMA,Y
KEMBA,MBAKE,SEA,KE,MOMBASA,Y
KHPNH,PNHKH,SEA,KH,PHNOM PENH,Y
KHSIH,SIHKH,SEA,KH,SIHANOUKVILLE,Y
KNBAS,BASKN,SEA,KN,"BASSETERRE, ST KITTS",Y
KRICH,ICHKR,SEA,KR,INCHEON,Y
KRKAN,KANKR,SEA,KR,GWANGYANG,Y
KRKPO,KPOKR,SEA,KR,POHANG,Y
KRKWA,KWAKR,SEA,KR,KWANGYANG,Y
KRPTK,PTKKR,SEA,KR,PYEONGTAEK,Y
KRPUS,PUSKR,SEA,KR,BUSAN,Y
KWSAA,SAAKW,SEA,KW,SHUAIBA,Y
KWSWK,SWKKW,SEA,KW,SHUWAIKH,Y
KYGEO,GEOKY,SEA,KY,"GEORGETOWN, CAYMAN ISLANDS",Y
LBBEY,BEYLB,SEA,LB,BEIRUT,Y
LBKYE,KYELB,SEA,LB,"TRIPOLI,JL,LB",Y
LCCAS,CASLC,SEA,LC,CASTRIES,Y
LKCMB,CMBLK,SEA,LK,COLOMBO,Y
LRMLW,MLWLR,SEA,LR,"MONROVIA,LR",Y
LTKLJ,KLJLT,SEA,LT,KLAIPEDA,Y
LVRIX,RIXLV,SEA,LV,RIGA,Y
LYBEN,BENLY,SEA,LY,BINGAZI (BENGHAZI),Y
LYKHM,KHMLY,SEA,LY,KHOMS,Y
LYMRA,MRALY,SEA,LY,MISURATAH,Y
LYTIP,TIPLY,SEA,LY,"TRIPOLI,LY",Y
LYTOB,TOBLY,SEA,LY,TOBRUK,Y
MAAGA,AGAMA,SEA,MA,AGADIR,Y
MACAS,CASMA,SEA,MA,CASABLANCA,Y
MATNG,TNGMA,SEA,MA,PORT TANGIER MEDITERRANEE,Y
MEBAR,BARME,SEA,ME,BAR,Y
MMRGN,RGNMM,SEA,MM,YANGON,Y
MMTAL,TALMM,SEA,MM,THILAWA,Y
MMXXX,XXXMM,SEA,MM,MYANMAR/BRUNEI DARUSSALAM BASELINE,Y
MOMFM,MFMMO,SEA,MO,MACAU,Y
MRNBU,NBUMR,SEA,MR,NOUADHIBOU,Y
MRNKC,NKCMR,SEA,MR,NOUAKCHOTT,Y
MTMAR,MARMT,SEA,MT,MARSAXLOKK,Y
MTMLA,MLAMT,SEA,MT,MALTA,Y
MVMLE,MLEMV,SEA,MV,MALE,Y
MXATM,ATMMX,SEA,MX,ALTAMIRA,Y
MXESE,ESEMX,SEA,MX,ENSENADA,Y
MXGYM,GYMMX,SEA,MX,GUAYMAS,Y
MXLZC,LZCMX,SEA,MX,LAZARO CARDENAS,Y
MXPGO,PGOMX,SEA,MX,PROGRESO,Y
MXPMS,PMSMX,SEA,MX,PUERTO MORELOS,Y
MXVER,VERMX,SEA,MX,VERACRUZ,Y
MXZLO,ZLOMX,SEA,MX,"MANZANILLO,MX",Y
MYBKI,BKIMY,SEA,MY,"KOTA KINABALU, SABAH",Y
MYBTU,BTUMY,SEA,MY,"BINTULU, SARAWAK",Y
MYKCH,KCHMY,SEA,MY,"KUCHING, SARAWAK",Y
MYPEN,PENMY,SEA,MY,PENANG,Y
MYPGU,PGUMY,SEA,MY,PASIR GUDANG,Y
MYPKG,PKGMY,SEA,MY,PORT KLANG,Y
MYSDK,SDKMY,SEA,MY,"SANDAKAN, SABAH",Y
MYTPP,TPPMY,SEA,MY,PELABUHAN TANJUNG PELEPAS,Y
MYTWU,TWUMY,SEA,MY,"TAWAU, SABAH",Y
MZBEW,BEWMZ,SEA,MZ,BEIRA,Y
NALUD,LUDNA,SEA,NA,LUDERITZ,Y
NAWVB,WVBNA,SEA,NA,WALVIS BAY,Y
NGAPP,APPNG,SEA,NG,APAPA,Y
NGONN,ONNNG,SEA,NG,ONNE,Y
NGTIN,TINNG,SEA,NG,TIN CAN ISLAND,Y
NICIO,CIONI,SEA,NI,CORINTO,Y
NIMNG,MNGNI,SEA,NI,MANAGUA,Y
NLRTM,RTMNL,SEA,NL,ROTTERDAM,Y
NOAES,AESNO,SEA,NO,AALESUND,Y
NOBGO,BGONO,SEA,NO,"BERGEN,NO",Y
NODRM,DRMNO,SEA,NO,DRMNO,Y
NOFRK,FRKNO,SEA,NO,FREDRIKSTAD,Y
NOFUS,FUSNO,SEA,NO,FUSA,Y
NOKRS,KRSNO,SEA,NO,KRISTIANSAND,Y
NOLAR,LARNO,SEA,NO,LARVIK,Y
NOMAY,MAYNO,SEA,NO,MAALOEY,Y
NOMSS,MSSNO,SEA,NO,MOSS,Y
NOOSL,OSLNO,SEA,NO,OSLO,Y
NOSVG,SVGNO,SEA,NO,STAVANGER,Y
NOTRD,TRDNO,SEA,NO,TRONDHEIM,Y
NZAKL,AKLNZ,SEA,NZ,AUCKLAND,Y
NZLYT,LYTNZ,SEA,NZ,LYTTELTON,Y
NZNPE,NPENZ,SEA,NZ,NAPIER,Y
NZTRG,TRGNZ,SEA,NZ,TAURANGA,Y
NZWLG,WLGNZ,SEA,NZ,WELLINGTON,Y
OMDQM,DQMOM,SEA,OM,PORT OF DUQM,Y
OMSLL,SLLOM,SEA,OM,SALALAH,Y
OMSOH,SOHOM,SEA,OM,SOHAR,Y
PABLB,BLBPA,SEA,PA,BALBOA,Y
PACFZ,CFZPA,SEA,PA,COLON FREE ZONE,Y
PACTB,CTBPA,SEA,PA,CRISTOBAL,Y
PAMIT,MITPA,SEA,PA,"MANZANILLO,PA",Y
PAONX,ONXPA,SEA,PA,"COLON, PA",Y
PAPTY,PTYPA,SEA,PA,PANAMA CITY,Y
PAROD,RODPA,SEA,PA,RODMAN,Y
PECLL,CLLPE,SEA,PE,CALLAO,Y
PHBTG,BTGPH,SEA,PH,"BATANGAS, LUZON",Y
PHCEB,CEBPH,SEA,PH,CEBU CITY,Y
PHCGY,CGYPH,SEA,PH,"CAGAYAN DE ORO, MINDANAO",Y
PHDVO,DVOPH,SEA,PH,DAVAO,Y
PHGES,GESPH,SEA,PH,GENERAL SANTOS CITY DADIANGAS,Y
PHMNL,MNLPH,SEA,PH,MANILA,Y
PHPAN,PANPH,SEA,PH,PANABO CITY,Y
PHSFS,SFSPH,SEA,PH,SUBIC BAY,Y
PHXXX,XXXPH,SEA,PH,PHILIPPINES BASELINE,Y
PKBQM,BQMPK,SEA,PK,PORT QASIM,Y
PKKHI,KHIPK,SEA,PK,KARACHI,Y
PLGDN,GDNPL,SEA,PL,GDANSK,Y
PLGDY,GDYPL,SEA,PL,GDYNIA,Y
PLSZZ,SZZPL,SEA,PL,SZCZECIN,Y
PRSJU,SJUPR,SEA,PR,SAN JUAN,Y
PTBBL,BBLPT,SEA,PT,BOBADELA,Y
PTLEI,LEIPT,SEA,PT,LEIXOES,Y
PTLIS,LISPT,SEA,PT,LISBON,Y
PTSIE,SIEPT,SEA,PT,SINES,Y
PTVIC,VICPT,SEA,PT,VILA DO CONDE,Y
PTXXX,XXXPT,SEA,PT,PORTUGAL BASELINE,Y
PYASU,ASUPY,SEA,PY,ASUNCION,Y
PYBCM,BCMPY,SEA,PY,BARRIO CAACUPE MI,Y
PYFNX,FNXPY,SEA,PY,FENIX,Y
PYMRA,MRAPY,SEA,PY,COLONIA MARIANO ROQUE ALONSO,Y
PYPIL,PILPY,SEA,PY,PILAR,Y
PYTER,TERPY,SEA,PY,TERPORT,Y
PYVLL,VLLPY,SEA,PY,VILLETA,Y
QADOH,DOHQA,SEA,QA,DOHA,Y
QAHMD,HMDQA,SEA,QA,HAMAD,Y
ROCND,CNDRO,SEA,RO,CONSTANTA,Y
RUAZO,AZORU,SEA,RU,AZOV,Y
RUDZV,DZVRU,SEA,RU,DALZAVOD,Y
RUFPT,FPTRU,SEA,RU,FISH PORT TERMINAL,Y
RUGDX,GDXRU,SEA,RU,MAGADAN,Y
RUKGD,KGDRU,SEA,RU,KALININGRAD,Y
RUKOR,KORRU,SEA,RU,KORSAKOV,Y
RULE1,LE1RU,SEA,RU,"ST PETERSBURG,RU",Y
RULED,LEDRU,SEA,RU,"ST PETERSBURG FCT,RU",Y
RUNVS,NVSRU,SEA,RU,NOVOROSSIYSK,Y
RUULU,ULURU,SEA,RU,UST LUGA,Y
RUVVO,VVORU,SEA,RU,VLADIVOSTOK,Y
RUVYP,VYPRU,SEA,RU,"VOSTOCHNIY, PORT",Y
SADMN,DMNSA,SEA,SA,DAMMAM,Y
SAJBI,JBISA,SEA,SA,AL JUBAYL,Y
SAJED,JEDSA,SEA,SA,JEDDAH,Y
SAJUB,JUBSA,SEA,SA,JUBAIL,Y
SAKAC,KACSA,SEA,SA,KING ABDULLAH PORT,Y
SARUH,RUHSA,SEA,SA,RIYADH,Y
SDPZU,PZUSD,SEA,SD,PORT SUDAN,Y
SEGOT,GOTSE,SEA,SE,GOTHENBURG,Y
SEGVX,GVXSE,SEA,SE,GAEVLE,Y
SEHAD,HADSE,SEA,SE,HALMSTAD,Y
SEHEL,HELSE,SEA,SE,HELSINGBORG,Y
SENRK,NRKSE,SEA,SE,NORRKOEPING,Y
SESOE,SOESE,SEA,SE,SOEDERTAELJE,Y
SESTO,STOSE,SEA,SE,STOCKHOLM,Y
SGSIN,SINSG,SEA,SG,SINGAPORE,Y
SIKOP,KOPSI,SEA,SI,KOPER,Y
SKBTS,BTSSK,SEA,SK,BRATISLAVA,Y
SLFNA,FNASL,SEA,SL,FREETOWN,Y
SNDKR,DKRSN,SEA,SN,DAKAR,Y
SRPBM,PBMSR,SEA,SR,PARAMARIBO,Y
SVAQJ,AQJSV,SEA,SV,ACAJUTLA,Y
SVSTO,STOSV,SEA,SV,SANTO TOMAS,Y
SYLTK,LTKSY,SEA,SY,LATAKIA,Y
SYTTS,TTSSY,SEA,SY,TARTUS,Y
TGLFW,LFWTG,SEA,TG,LOME,Y
THBKK,BKKTH,SEA,TH,BANGKOK,Y
THLCH,LCHTH,SEA,TH,LAEM CHABANG,Y
THLKR,LKRTH,SEA,TH,LAT KRABANG,Y
THSCS,SCSTH,SEA,TH,SAHATHAI,Y
THSGZ,SGZTH,SEA,TH,SONGKHLA,Y
TNBIZ,BIZTN,SEA,TN,BIZERTE,Y
TNRDS,RDSTN,SEA,TN,RADES,Y
TNSFA,SFATN,SEA,TN,SFAX,Y
TNSUS,SUSTN,SEA,TN,SOUSSE,Y
TNTUN,TUNTN,SEA,TN,TUNIS,Y
TRALI,ALITR,SEA,TR,ALIAGA,Y
TRAYT,AYTTR,SEA,TR,ANTALYA,Y
TREYP,EYPTR,SEA,TR,EVYAP,Y
TRGEB,GEBTR,SEA,TR,GEBZE,Y
TRGEM,GEMTR,SEA,TR,GEMLIK,Y
TRHAY,HAYTR,SEA,TR,HAYDARPASA,Y
TRISK,ISKTR,SEA,TR,ISKENDERUN,Y
TRIST,ISTTR,SEA,TR,ISTANBUL,Y
TRIZI,IZITR,SEA,TR,IZMIT KORFEZI,Y
TRIZM,IZMTR,SEA,TR,IZMIR,Y
TRIZT,IZTTR,SEA,TR,IZMIT,Y
TRKMX,KMXTR,SEA,TR,KUMPORT,Y
TRMER,MERTR,SEA,TR,MERSIN,Y
TRMPT,MPTTR,SEA,TR,MARPORT,Y
TRPAM,PAMTR,SEA,TR,AMBARLI PORT ISTANBUL,Y
TRTEK,TEKTR,SEA,TR,TEKIRDAG,Y
TRYAR,YARTR,SEA,TR,YARIMCA,Y
TTPOS,POSTT,SEA,TT,PORT OF SPAIN,Y
TTPTS,PTSTT,SEA,TT,POINT LISAS,Y
TWKEL,KELTW,SEA,TW,KEELUNG,Y
TWKHH,KHHTW,SEA,TW,KAOHSIUNG,Y
TWTPE,TPETW,SEA,TW,TAIPEI,Y
TWTXG,TXGTW,SEA,TW,TAICHUNG,Y
TWTYN,TYNTW,SEA,TW,TAO YUAN,Y
TZDAR,DARTZ,SEA,TZ,DAR ES SALAAM,Y
UAILK,ILKUA,SEA,UA,CHORNOMORSK,Y
UAILY,ILYUA,SEA,UA,ILYICHEVSK,Y
UAODS,ODSUA,SEA,UA,"ODESSA,UA",Y
UAPIV,PIVUA,SEA,UA,PIVDENNYI,Y
UAYUZ,YUZUA,SEA,UA,YUZHNY,Y
USATL,ATLUS,SEA,US,"ATLANTA,GA,US",Y
USBAL,BALUS,SEA,US,"BALTIMORE,MD,US",Y
USBHM,BHMUS,SEA,US,"BIRMINGHAM,AL,US",Y
USBNA,BNAUS,SEA,US,"NASHVILLE,TN,US",Y
USBOS,BOSUS,SEA,US,"BOSTON,MA,US",Y
USBUF,BUFUS,SEA,US,"BUFFALO,NY,US",Y
USCBF,CBFUS,SEA,US,"COUNCIL BLUFFS,IA,US",Y
USCHI,CHIUS,SEA,US,"CHICAGO,IL,US",Y
USCHS,CHSUS,SEA,US,"CHARLESTON,SC,US",Y
USCLE,CLEUS,SEA,US,"CLEVELAND,OH,US",Y
USCLT,CLTUS,SEA,US,"CHARLOTTE,NC,US",Y
USCMH,CMHUS,SEA,US,"COLUMBUS,OH,US",Y
USCPF,CPFUS,SEA,US,"CHIPPEWA FALLS,WI,US",Y
USCVG,CVGUS,SEA,US,"CINCINNATI,OH,US",Y
USDAL,DALUS,SEA,US,"DALLAS,TX,US",Y
USDEN,DENUS,SEA,US,"DENVER,CO,US",Y
USDET,DETUS,SEA,US,"DETROIT,MI,US",Y
USEC1,EC1US,SEA,US,USEC,Y
USELP,ELPUS,SEA,US,"EL PASO,TX,US",Y
USESL,ESLUS,SEA,US,"EAST ST. LOUIS,IL,US",Y
USEWR,EWRUS,SEA,US,"NEWARK,NJ,US",Y
USEZA,EZAUS,SEA,US,ELIZABETH,Y
USFWT,FWTUS,SEA,US,"FORT WORTH,TX,US",Y
USGBO,GBOUS,SEA,US,"GREENSBORO,NC,US",Y
USGXX,GXXUS,SEA,US,"GREER,SC,US",Y
USHNL,HNLUS,SEA,US,HONOLULU,Y
USHOU,HOUUS,SEA,US,"HOUSTON,TX,US",Y
USHSV,HSVUS,SEA,US,"HUNTSVILLE,AL,US",Y
USILM,ILMUS,SEA,US,"WILMINGTON,NC,US",Y
USIND,INDUS,SEA,US,"INDIANAPOLIS,IN,US",Y
USJAX,JAXUS,SEA,US,"JACKSONVILLE,FL,US",Y
USJOT,JOTUS,SEA,US,"JOLIET,IL,US",Y
USKCK,KCKUS,SEA,US,"KANSAS CITY,KS,US",Y
USKRA,KRAUS,SEA,US,"CRANDALL, GA, US",Y
USLAX,LAXUS,SEA,US,"LOS ANGELES,CA,US",Y
USLGB,LGBUS,SEA,US,"LONG BEACH,CA,US",Y
USLRD,LRDUS,SEA,US,"LAREDO,TX,US",Y
USLUI,LUIUS,SEA,US,"LOUISVILLE,KY,US",Y
USMEM,MEMUS,SEA,US,"MEMPHIS,TN,US",Y
USMES,MESUS,SEA,US,"MINNEAPOLIS,MN,US",Y
USMIA,MIAUS,SEA,US,"MIAMI,FL,US",Y
USMKC,MKCUS,SEA,US,"KANSAS CITY,MO,US",Y
USMOB,MOBUS,SEA,US,"MOBILE,AL,US",Y
USMSY,MSYUS,SEA,US,"NEW ORLEANS,LA,US",Y
USNYC,NYCUS,SEA,US,"NEW YORK,NY,US",Y
USOAK,OAKUS,SEA,US,"OAKLAND,CA,US",Y
USOMA,OMAUS,SEA,US,"OMAHA,NE,US",Y
USORF,ORFUS,SEA,US,"NORFOLK,VA,US",Y
USORH,ORHUS,SEA,US,WORCESTER,Y
USPDX,PDXUS,SEA,US,"PORTLAND,OR,US",Y
USPHL,PHLUS,SEA,US,"PHILADELPHIA,PA,US",Y
USPHX,PHXUS,SEA,US,"PHOENIX,AZ,US",Y
USPIT,PITUS,SEA,US,"PITTSBURGH,PA,US",Y
USPVS,PVSUS,SEA,US,"PORT EVERGLADES,FL,US",Y
USRCX,RCXUS,SEA,US,"ROCHELLE,IL,US",Y
USRIC,RICUS,SEA,US,"RICHMOND, VA, US",Y
USSAT,SATUS,SEA,US,"SAN ANTONIO,TX,US",Y
USSAV,SAVUS,SEA,US,"SAVANNAH,GA,US",Y
USSEA,SEAUS,SEA,US,"SEATTLE,WA,US",Y
USSLC,SLCUS,SEA,US,"SALT LAKE CITY,UT,US",Y
USSTL,STLUS,SEA,US,"ST LOUIS,MO,US",Y
USSTP,STPUS,SEA,US,"ST PAUL,MN,US",Y
USSXT,SXTUS,SEA,US,"SANTA TERESA,NM,US",Y
USTIW,TIWUS,SEA,US,"TACOMA,WA,US",Y
USTPA,TPAUS,SEA,US,"TAMPA,FL,US",Y
USWC1,WC1US,SEA,US,USWC,Y
USXDT,XDTUS,SEA,US,"CHATSWORTH, GA, US",Y
UYMVD,MVDUY,SEA,UY,MONTEVIDEO,Y
VCKSV,KSVVC,SEA,VC,KINGSTOWN,Y
VEDDZ,DDZVE,SEA,VE,GURANAO,Y
VEEGU,EGUVE,SEA,VE,EL GUAMACHE,Y
VEGUT,GUTVE,SEA,VE,GUANTA,Y
VELAG,LAGVE,SEA,VE,LA GUAIRA,Y
VEMAR,MARVE,SEA,VE,MARACAIBO,Y
VEPBL,PBLVE,SEA,VE,PUERTO CABELLO,Y
VIHJC,HJCVI,SEA,VI,Charlotte Amalie,Y
VNCMT,CMTVN,SEA,VN,CAI MEP,Y
VNDAD,DADVN,SEA,VN,DA NANG,Y
VNHAN,HANVN,SEA,VN,HANOI,Y
VNHPH,HPHVN,SEA,VN,HAIPHONG,Y
VNSGN,SGNVN,SEA,VN,HO CHI MINH CITY,Y
VNUIH,UIHVN,SEA,VN,QUI NHON,Y
VNVUT,VUTVN,SEA,VN,VUNG TAU,Y
YEADE,ADEYE,SEA,YE,ADEN,Y
YEHOD,HODYE,SEA,YE,HODEIDAH,Y
ZACPT,CPTZA,SEA,ZA,CAPE TOWN,Y
ZADUR,DURZA,SEA,ZA,DURBAN,Y
