OrgType,OrgCode,LocationName,Cty,Name,Address,Line2,Line3,Line4,Telephone,EmailAddress,ContactName,ediSONInstance,ediSONCompanyCode
General,ORG0001,TWTPE,,INTERNATIONAL ART ENTERPRISE,23 HSIN HU 3RD ROAD,"NEI HU DIST., TAIPEI",,,886 287915888,cargoservices.shipper+300001@gmail.com,CAREY CHEN,0,INAR0003
General,ORG0002,HKHKG,,H.K. STYLE SUPPLY LTD,Bo Fung Gardens 1090 Kings Road,North Point,,,852 28898320,cargoservices.shipper+300002@gmail.com,ANDREW WONG/IRENE WONG,0,HXST0001  
General,ORG0003,TWTPE,,HALLEY COMET I/NATIONAL TAIWAN,575  LIN SEN ROAD,TAIPEI,,,8862 5965121,cargoservices.shipper+300004@gmail.com,HELEN YO,0,HACO0026  
General,ORG0004,HKHKG,,PMS INTERNATIONAL FAR EAST LTD,68 MODY ROAD,TSIM SHA TSUI EAST KOWLOON,,,852 23761886,cargoservices.shipper+300012@gmail.com,ARIEL,0,PMIN0003  
General,ORG0005,CNKHN,,NANCHANG HUAGAN ARTS & CRAFTS,1370 JINGGANGSHAN RD,"NANCHANG, JIANGXI",,,86 21 58390495,cargoservices.shipper+300022@gmail.com,ZHANG HAO JING,0,NAHU0002  
General,ORG0006,INICD,,DELTA EXPORTS INTERNATIONAL,293 DHANMILL ROAD,CHATTARPUR PAHADI NEW DELHI,,,91 11 680 0561,cargoservices.shipper+300030@gmail.com,SANJEEU,0,DEEX0003  
General,ORG0007,CNHGH,,HANGZHOU TIANYUAN PET PRODUCTS,NO 10-1 XINGLING ROAD,XING QIAO TOWN YUHANG DISTRICT HANG,,,86571 28887566,cargoservices.shipper+300043@gmail.com,XUE YUAN CHAU,0,HATI0002
General,ORG0008,CNNGB,,"ZHOUSHAN E-LINE TRADING CO.,LT",126  ALLEY SOUTH CHANGSHOU RD,NINGOB ZHEJIANG,,,86 57488278981,cargoservices.shipper+300050@gmail.com,XU TING,0,ZHEX0001  
General,ORG0009,,,HOLDING DOLCIARIA ITALIANA,S.415 Paulese 26012,Castelleone,,,03 9557 1611,cargoservices.shipper+300055@gmail.com,GERRY VAN AMEYDEN,0,HODO0005  
General,ORG0010,TWTPE,,GOLDEN HOLIDAY CO LTD,188 188 RUEIGUANG RD,TAIPEI TAIWAN ROC,,,886000000000,cargoservices.shipper+300056@gmail.com,ARTURO PAN,0,GOHO0007  
General,ORG0011,IDJKT,,PT CERMAI MAKMUR ABADI INTERNA,ROXY MAS OFFICE BLK D5/18-19,JAKARTA,,,622000000000,cargoservices.shipper+300064@gmail.com,THERESIA,0,PTCE0001  
General,ORG0012,,,VIETNAM HOUSEWARES CORPORATION,"BINH PHUOC B, BINH CHUAN WARD",BINH DUONG PROVINCE,,,84 2743719719,cargoservices.shipper+300070@gmail.com,JESSICA,0,VIHO0005  
General,ORG0013,AUFRE,,HSA HERITAGE PTY LTD,46 WARRIDA WAY,MADDINGTON,,,08 9356 2000,cargoservices.shipper+300073@gmail.com,ROCKY,0,HSHE0003
General,ORG0014,,,PT. INTI BINTANG MAS PERKASA,NO 25  PLUMBON,CIREBON,,,62231 321531,cargoservices.shipper+300080@gmail.com,SUPARYONO,0,PTIN0006  
General,ORG0015,HKHKG,,GOLDEN PRIDE ENTERPRISE  (GP ENTERP,67-71  CHATHAM ROAD SOUTH,TSIM SHA TSUI KOWLOON,,,852 2541 1236,cargoservices.shipper+300082@gmail.com,SUSANNA,0,GOPR0005  
General,ORG0016,HKHKG,,RICHFIELD ENTERPRISES INT.LTD,2-16 FA YUEN ST,MONGKOK,,,03 9558 9688,cargoservices.shipper+300086@gmail.com,BILL YU,0,RIEN0003  
General,ORG0017,AUMEL,,GARMOND AUSTRALIA OVERSEAS,5/34 CARRICK DRIVE,TULLAMARINE,,,03 9338 0044,cargoservices.shipper+300088@gmail.com,SANJA NISIC/OLIVIA SKINNER,0,GAAU0004  
General,ORG0018,CNSHA,,LEVEL EFFECT,176  ZHENPING ROAD,SHANGHAI,,,86 2132030497,cargoservices.shipper+300095@gmail.com,SHANE,0,LEEF0001  
General,ORG0019,HKHKG,,M & LEE TRADING LIMITED,NO 11 CHEUNG YUE STREET,CHEUNG SHA WAN KOWLOON,,,852 3188 2501,cargoservices.shipper+300100@gmail.com,ANNA YUENG/EDITH LAI,0,MXXX0040  
General,ORG0020,CNCAN,,BEST ELEGANT INTERNATIONAL LTD,NO 530 BIYING ROAD,CHIGANG HAIZHU DISTRICT GUANGZHOU,,,862000000000,cargoservices.shipper+300102@gmail.com,PEARL CAI,0,BEEL0003  
General,ORG0021,CNCAN,,PRO-DESIGN HOMEWARE COMPANY,NO 8 JIAYU STREET BINJIANGDONG ROAD,HAIZHU DISTRICT GUANGZHOU,,,8620 34251481,cargoservices.shipper+300118@gmail.com,STEVEN,0,PRHO0004  
General,ORG0022,,,OLYMPIA PUBLISHING PTY LTD,19 RAVENSWOOD ROAD,MAIDA VALE,,,08 9479 8000,cargoservices.shipper+300121@gmail.com,MATTHEW CODY,0,OLPU0001  
General,ORG0023,HKHKG,,BESTWAY (HONG KONG) INTERNATIO,66  MODY ROAD,KOWLOON,,,8621 69135121,cargoservices.shipper+300125@gmail.com,GRANT YANG,0,BEXX0031  
General,ORG0024,TWTPE,,AROMATE INDUSTRIES CO LTD,497 CHUNG CHENG ROAD,SHING-TIEN CITY TAIPEI,,,8862 86673195,cargoservices.shipper+300128@gmail.com,HENRY,0,ARIN0022  
General,ORG0025,CNSZX,,UNION GRAND ENTERPRISES LTD,7 LONGSHAN WU ROAD,DISHAN CUN XINSHENG LONGGANG SHENZH,,,8680000000000,cargoservices.shipper+300131@gmail.com,BILL TSENG,0,UNGR0013
General,ORG0026,,,WAWI EURO GMBH,IM GEIERSPIEL 2,MUNCHWEILER RHEINLAND-PFALZ,,,49 6395 3060 110,cargoservices.shipper+300137@gmail.com,MICHAEL REICHEL,0,WAEU0003
General,ORG0027,CNCAN,,HOMEWARE CHINA CO LTD,NO 730 YINGBIN RD,GUANGZHOU,,,862 039993373,cargoservices.shipper+300159@gmail.com,ANDY DONG,0,HOCH0011  
General,ORG0028,SGSIN,,SAMAX SINGAPORE,271  BUKIT TIMAH ROAD,SINGAPORE,,,65 6225 5666,cargoservices.shipper+300167@gmail.com,DAVID,0,SASI0006  
General,ORG0029,AUSYD,,TEMPO (AUST) PTY LTD OVERSEAS,PO BOX 6041,FRENCHS FOREST,,,02 8977 3705,cargoservices.shipper+300168@gmail.com,CARLO SOLIGO,0,TELT0006  
General,ORG0030,CNSZX,,SHENZHEN YIBO ELECTRONIC (DIRECT FA,TIANTOU VILLAGE PINGSHAN TOWN,LONGGANG DISTRICT SHENZHEN,,,755 86001020,cargoservices.shipper+300172@gmail.com,CARRIE,0,SHYI0005  
General,ORG0031,SGSIN,,UNI BRANDS PTE LTD,LEVEL 8 SOON HOCK BUILDING,SINGAPORE,,,65 6264 4111,cargoservices.shipper+300176@gmail.com,TJ,0,UNBR0002  
General,ORG0032,AUMEL,,GLOBAL SOURCE TRADING O/SEAS,444 CITY ROAD,SOUTH MELBOURNE,,,0412 101 200,cargoservices.shipper+300202@gmail.com,DAVID TREGAMBE,0,GLSO0007  
General,ORG0033,AUMEL,,IG DESIGN GROUP AUSTRALIA PTY LIMIT,121 RAYHUR STREET,CLAYTON SOUTH,,,03 9563 4588,cargoservices.shipper+300206@gmail.com,FRANK PYNAAKER,0,IGDE0002  
General,ORG0034,HKHKG,,WINNING KEY MANUFACTURING CO,NO 6 HONG MAN ST,CHAI WAN,,,852 2544 0986,cargoservices.shipper+300211@gmail.com,KENNY CHIU,0,WIKE0001  
General,ORG0035,CNNGB,,PAPER CREATIVE LIMITED,8  LANE 299 GUANGHUA ROAD,NATIONAL HI-TECH ZONE NINGBO,,,86 57483022671,cargoservices.shipper+300213@gmail.com,ANDY ZHANG,0,PACR0002  
General,ORG0036,,,GRANT & BOWMAN INC USA (WELLS FARGO,345 NORTH MAPLE DRIVE,BEVERLY HILLS,,,1 311 275 0110,cargoservices.shipper+300219@gmail.com,MYLES BOWMAN,0,GRXX0024  
General,ORG0037,AUMEL,,BENDIGO WOOLLEN MILLS T/A SALEUTION,4 LANSELL STREET,BENDIGO,,,03 9809 6555,cargoservices.shipper+300230@gmail.com,EARLE SCAHER 0418 356 743,0,BEWO0005
General,ORG0038,HKHKG,,FOURPOINT DIRECT EXPORTS,32 HOLLYWOOD ROAD CENTRAL,HONG KONG,,,662 575 3467,cargoservices.shipper+300231@gmail.com,ADRIAN BRUNSDON,0,FODI0004  
General,ORG0039,,,FAMOR ITALIA SRL (EUROPE),VIA BOCCHERINI NO 8,SALVIANO LI,,,39058 6864587,cargoservices.shipper+300232@gmail.com,STEFANO BARSOTTI,0,FAIT0007  
General,ORG0040,HKHKG,,GP ENTERPRISE CHINA,68-74 BONHAM STRAND,SHEUNG WAN,,,852 2541 1236,cargoservices.shipper+300239@gmail.com,SUSANNA,0,GPEN0001  
General,ORG0041,AUSYD,,INDENT DIRECT AUSTRALIA PTY LT,47-14 NARABANG WAY,BELROSE,,,02 9450 0681,cargoservices.shipper+300242@gmail.com,GEORGE ROSETTENSTEIN,0,INDI0008  
General,ORG0042,,,CLASSIC SIGN & DESIGN,CLASSIC HOUSE ROWAN COURT,LEEDS,,,441000000000,cargoservices.shipper+300247@gmail.com,PHIL RAKUSEN,0,CLSI0002
General,ORG0043,,,SWEET MAGIC EUROPE FOOD,Z.K TRAKIA 331A,PLOVDIV,,,359 885 636032,cargoservices.shipper+300248@gmail.com,EVELINA BOYADZHIEVA,0,SWMA0003  
General,ORG0044,,,WHAT MORE UK LIMITED,SHORTEN BROOK WAY ALTHAM BUS P,ENGLAND,,,01282 687030,cargoservices.shipper+300250@gmail.com,TONY GRIMSHAW,0,WHMO0001  
General,ORG0045,,,Gunz Warenhandels Gmbh,Im Hau 23,Voralberg,,,0043 552363636,cargoservices.shipper+300251@gmail.com,SIMONE GUNZ,0,GUWA0002  
General,ORG0046,GBMNC,,Rayburn Trading Co Ltd,90 North Street,Manchester,,,44 161 2141304,cargoservices.shipper+300261@gmail.com,wally,0,RATR0003  
General,ORG0047,THBKK,,BONDWELL TRADING,95 SUKHUMVIT 501 24,BANGKOK,,,0419 780591,cargoservices.shipper+300263@gmail.com,TREVOR CURTIS,0,BOTR0015  
General,ORG0048,CNSHA,,HYPER-EXTENSION,NO 555 DONGCHUAN ROAD, SHANGHAI,,,86 021 55328810,cargoservices.shipper+300272@gmail.com,JASON GRANT,0,HYEX0001  
General,ORG0049,AUSYD,,JOVIC TRADING,UNIT 2B 17-19 PAVESI STREET,SMITHFIELD,,,02 9681 7596,cargoservices.shipper+300275@gmail.com,VICKI CARUANA,0,JOTR0003  
General,ORG0050,,,COREVISION LIMITED,"11F-4 16, Sec.1, Chang-An E. Road",CHUNGSHAN DISTRICT,,,886000000000,cargoservices.shipper+300277@gmail.com,Terry Lu,0,COLI0013  
General,ORG0051,AUMEL,,LICENSED SOCKS AND APPAREL AUSTRALI,16 AGOSTA DRIVE,LAVERTON NORTH,,,03 9311 3300,cargoservices.shipper+300283@gmail.com,SERGE NIEBORSKI,0,LISO0004
General,ORG0052,HKHKG,,BEST MADE TOYS GLOBAL ENTERPRISES L,75 MODY ROAD, TSIMSHATSUI EAST KOWLOON,,,852 2311 0132,cargoservices.shipper+300285@gmail.com,GERRY,0,BEMA0003  
General,ORG0053,ESAGP,,PERFECT IMPORTERS AND WHOLESALERS,51 BOULDER ROAD,MALAGA,,,0401 150395,cargoservices.shipper+300286@gmail.com,IVAN,0,PEIM0004  
General,ORG0054,HKHKG,,MATTEL BRANDS,0,HARBOUR CITY TSIMSHATSUI KOWLOON,,,852 3185 5000,cargoservices.shipper+300289@gmail.com,BONNIE LEUNG,0,MABR0002  
General,ORG0055,CNSZX,,EA LIVING INTERNATIONAL LIMITED,WEST ZHEN XING ROAD,"FUTIAN DISTRICT, SHENZHEN",,,86 755 83367811,cargoservices.shipper+300294@gmail.com,ALAN CHAN,0,EALI0009
General,ORG0056,AUMEL,,P & J Giftware Wholesalers Overseas,22 SULLIVAN STREET,MOORABBIN,,,03 9555 2333,cargoservices.shipper+300317@gmail.com,RYAN ZHU,0,PXXX0005  
General,ORG0057,HKHKG,,JA-RU (HK) LIMITED,11/F INTER-CONTINENTAL PLAZA NO 94,GRANVILLE ROAD KOWLOON,,,852 3602 7000,cargoservices.shipper+300319@gmail.com,QUINLEY CHEN,0,JAXX0010  
General,ORG0058,AUSYD,,YALE PRIMA PTY LTD (YALE APPL GROUP,20 ST ALBANS ROAD,KINGSGROVE,,,02 9577 1700,cargoservices.shipper+300321@gmail.com,KULDEEP WAHI,0,YAPR0003  
General,ORG0059,AUSYD,,DATS PTY LTD,1/51 EASTERN CREEK DRIVE,EASTERN CREEK,,,02 9830 3100,cargoservices.shipper+300322@gmail.com,ANTHONY BERTRAM,0,DAPT0002  
General,ORG0060,AUSYD,,ASIA PACIFIC BRANDS PTY LTD,UNIT 32 159 ARTHUR STREET,HOMEBUSH WEST,,,612 9746 8480,cargoservices.shipper+300325@gmail.com,ARTHUR KARRAS  0419 991 107,0,ASPA0002  
General,ORG0061,AUMEL,,BENEDIKT IMPORTS PTY LTD,2 KEYS ROAD,MOORABBIN,,,9577 3000,cargoservices.shipper+300335@gmail.com,BRUNO SAVI,0,BEIM0006  
General,ORG0062,AUMEL,,LICENSING ESSENTIALS,18 HUDSON COURT,KEYSBOROUGH,,,03 9754 0754,cargoservices.shipper+300338@gmail.com,JAMES ECKERSLEY,0,LIES0001  
General,ORG0063,AUSYD,,MNB VARIETY IMPORTS PTY LTD,318 HORSLEY ROAD,MILPERRA SYDNEY,,,02 9690 1622,cargoservices.shipper+300339@gmail.com,GIRISH,0,MNVA0001  
General,ORG0064,AUSYD,,UNCLE BILL'S (AUST) PTY LTD,48B EGERTON STREET,SILVERWATER,,,02 8799 3500,cargoservices.shipper+300340@gmail.com,DAVID GREEN,0,UNBI0001  
General,ORG0065,AUMEL,,UNIVERSAL GIFT TRADERS OVERSEAS,88 HERALD STREET,CHELTENHAM,,,61 3 9584 4155,cargoservices.shipper+300345@gmail.com,ADAM NORICH,0,UNGI0001  
General,ORG0066,HKHKG,,AKAROA ENTERPRISES CO LIMITED,151 GLOUCESTER ROAD,WAN CHAI,,,791 6495655,cargoservices.shipper+300346@gmail.com,ABE & TARIK,0,AKEN0003  
General,ORG0067,AUMEL,,FBA INTERNATIONAL PTY LTD,35-77 EMU ROAD,MAIDSTONE,,,03 9317 9111,cargoservices.shipper+300348@gmail.com,SIMONE CUNNINGHAM,0,FBIN0002  
General,ORG0068,THBKK,,REGAL BABYCARE PRODUCTS,63 SUKHUMVIT ROAD,KLONGTON NUA WATTANA BANGKOK,,,662 711 6880,cargoservices.shipper+300354@gmail.com,SIRIPORN VILAILERTWATTANA,0,REBA0002  
General,ORG0069,AUMEL,,UNITED WHOLESALERS,4-6 DISSIK STREET,CHELTENHAM,,,9555 3211,cargoservices.shipper+300355@gmail.com,WALLY,0,UNWH0002  
General,ORG0070,AUMEL,,NEW GLOBAL TRADING P/L,4 CROFT STREET,OAKLEIGH,,,03 95632655,cargoservices.shipper+300359@gmail.com,STANLEY SHI,0,NEGL0005  
General,ORG0071,AUMEL,,ZAK AUSTRALIA PTY LTD (USD) (HOT TO,1808 PRINCESS HWY,CLAYTON,,,03 8561 7333,cargoservices.shipper+300360@gmail.com,BETHANEY HENRY,0,ZAAU0002  
General,ORG0072,HKHKG,,GSM INTERNATIONAL LIMITED,52A SHA TSUI ROAD,TSUEN WAN,,,852 2480 3303,cargoservices.shipper+300380@gmail.com,LOU BARTEMUCCI,0,GSIN0001  
General,ORG0073,AUMEL,,CDSI PTY LTD,5/121 FRANKSTON DANDENONG ROAD,DANDENONG,,,9702 9177,cargoservices.shipper+300382@gmail.com,HITESH BHATT,0,CDPT0001
General,ORG0074,AUMEL,,PARTYWARE PTY LTD,10 UNIVERSITY PLACE,CLAYTON NORTH,,,03 9562 1222,cargoservices.shipper+300389@gmail.com,ANI WONG,0,PAPT0007  
General,ORG0075,,,SECONDO VERGANI S.P.A,VIA TACITO 7,CREMONA,,,39 0372 434331,cargoservices.shipper+300394@gmail.com,EMANUELE BOZZETTI,0,SEVE0002  
General,ORG0076,AUMEL,,ICB,333 FLINDERS LANE,MELBOURNE,,,03 9628 2700,cargoservices.shipper+300399@gmail.com,GARY MCADAM,0,ICXX0009
General,ORG0077,HKHKG,,PULEO ASIA LIMITED,1 HOK CHEUNG STREET,HUNG HOM KOWLOON,,,,cargoservices.shipper+300401@gmail.com,CHRIS PULEO,0,PUAS0001  
General,ORG0078,HKHKG,,HL TOYS INTERNATIONAL LTD,67 MODY RD,TSIMSHATSUI EAST KOWLOON,,,852 2366 2282,cargoservices.shipper+300408@gmail.com,MARIA SIN,0,HLTO0001  
General,ORG0079,AUMEL,,ARC DISTRIBUTION OCEANIA,UNIT 11 127 FAIRBAIRN ROAD,SUNSHINE WEST,,,03 9310 1755,cargoservices.shipper+300409@gmail.com,SHARIAR KHAN,0,ARDI0007  
General,ORG0080,HKHKG,,B & L CORPORATION,704 CASTLE PEAK ROAD,LAI CHI KOK KLN,,,852 2721 2898,cargoservices.shipper+300415@gmail.com,JACKY MA,0,BXXX0013  
General,ORG0081,AUFRE,,PORTA CRAFT (ASIA SOURCE AUSTRALIA),210 MADDINGTON ROAD,MADDINGTON,,,08 9493 8000,cargoservices.shipper+300416@gmail.com,BRADLEY ELLIOTT,0,POCR0001
General,ORG0082,HKHKG,,MAX Q HOLDINGS LIMITED,19 ON SUM STREET,SHA TIN,,,0011 852 2369…,cargoservices.shipper+300429@gmail.com,CHRIS RAE,0,MAQX0001  
General,ORG0083,AUSYD,,MAYVIC PTY LTD,199-203 WOODPARK ROAD,SMITHFIELD,,,,cargoservices.shipper+300439@gmail.com,BENNY PORAT,0,MAPT0003
General,ORG0084,AUADL,,SMASH ENTERPRISES,33 REDLAND DRIVE,MITCHEM,,,03 9955 6543,cargoservices.shipper+300441@gmail.com,SIMON COWEN,0,SMEN0003  
General,ORG0085,AUMEL,,RIBTEX INTERNATIONAL,158-168 BROWNS ROAD,NOBLE PARK,,,03 8793 5000,cargoservices.shipper+300445@gmail.com,MICHAEL MORAN,0,RIIN0012  
General,ORG0086,AUMEL,,THE DECOR CORPORATION PTY LTD O/SEA,1314 FERNTREE GULLY ROAD,SCORESBY,,,03 9759 2235,cargoservices.shipper+300454@gmail.com,PETER GRAVE,0,THDE0007  
General,ORG0087,,,HIGHCREST RETAIL BRANDS,ALBION BUSINESS CENTRE,LEESD ROAD GREENGATES  BRADFORD,,,01274 623480,cargoservices.shipper+300459@gmail.com,CARLA WARREN,0,HIRE0001  
General,ORG0088,AUMEL,,ALL XTREME PTY LTD (BIBBY FINANCIAL,14 ABBOTTS ROAD,DANDENONG SOUTH,,,86 574 83879936,cargoservices.shipper+300469@gmail.com,WARREN HUNTER  0413 637 013,0,ALXT0001
General,ORG0089,HKHKG,,KIDSGRO LIMITED,67 MODY ROAD,TSIMSHATSUI EAST KOWLOON,,,852 2366 2282,cargoservices.shipper+300471@gmail.com,CINDY TSUI,0,KILI0002  
General,ORG0090,AUMEL,,JOHN SANDS (AUSTRALIA) LTD,382 WELLINGTON ROAD,MULGRAVE,,,03 9239 3446,cargoservices.shipper+300479@gmail.com,MIKE FERNS,0,JOSA0002  
General,ORG0091,CNXMN,,GIFTOYS (H.K) CO LTD,ROOM 31ABC BAO FU BLDG NO 819 SOUTH,XIA MEN,,,0086 592 5168968,cargoservices.shipper+300480@gmail.com,JOYCE,0,GIXX0012  
General,ORG0092,AUMEL,,FAULKNER INDUSTRIES PTY LTD,35-37 CANTERBURY ROAD,BRAESIDE,,,03 9588 0400,cargoservices.shipper+300481@gmail.com,TONY RIDDELL,0,FAIN0013  
General,ORG0093,HKHKG,,FRESH CONCEPT INDUSTRIES LIMITED,U 1014 26 KAI CHEUNG RODA BLOCK A,KOWLOON BAY,,,,cargoservices.shipper+300484@gmail.com,hoe lui,0,FRCO0022  
General,ORG0094,HKHKG,,GIANT SOLAR LIGHTING & EQUIPMENT CO,302-308 HENNESSY RD,WANCHAI,,,852 21381638,cargoservices.shipper+300491@gmail.com,H.C LEE,0,GISO0001  
General,ORG0095,HKHKG,,FUNVILLE LIMITED,U1117-14 SCIENCE MUSEUM ROAD,TSIM SHA TSUI EAST,,,,cargoservices.shipper+300494@gmail.com,ED MEDICA,0,FULI0005  
General,ORG0096,HKHKG,,DICKIE TOYS HONG KONG LTD,21 CANTON ROAD,TSIM SHA TSUI KOWLOON,,,85227308124,cargoservices.shipper+300499@gmail.com,MR MAX THIEL,0,DITO0002  
General,ORG0097,CNNGB,,NINGBO ENGINEERING IMP & EXP CO LTD,386 WANGCUN ROAD,NINGBO ZHEIJIANG,,,86 574 28852907,cargoservices.shipper+300501@gmail.com,JESSICA,0,NIEN0001  
General,ORG0098,,,UPD INC,4507 S MAYWOOD AVE,VERNON CA,,,323 588 8811,cargoservices.shipper+300502@gmail.com,ANA SOTELO,0,UPIN0002  
General,ORG0099,CNYIW,,RENOWN (HK) IMPORT AND EXPORT COMPA,674 BEICUN SOUTH ROAD,YIWU CITY ZHEJIANG,,,86 579 85793582,cargoservices.shipper+300504@gmail.com,WILLIAM GUO,0,REXX0034  
General,ORG0100,HKHKG,,ATICO INTERNATIONAL (ASIA0 LTD,22-24 HUNG HOM WAN,HUNG HOM,,,,cargoservices.shipper+300505@gmail.com,JEROME .BIRKS,0,ATIN0002
General,ORG0101,,,FORTTUNA FOODS INC,5233 CAMINO PLAYA MALAGA,SAN DIEGO CALIFORNIA,,,619 298 3390,cargoservices.shipper+300509@gmail.com,ANTONIO DOMINGUES,0,FOFO0005  
General,ORG0102,,,THE MAZEL COMPANY,31000 AURORA ROAD,SOLON OHIO,,,440 248 5200,cargoservices.shipper+300510@gmail.com,MARK ERMINE,0,THMA0014  
General,ORG0103,AUBNE,,BRAZCO INTERNATIONAL PTY LTD,1069 KINGSFORD SMITH DRIVE,EAGLE FARM,,,07 3868 4220,cargoservices.shipper+300511@gmail.com,SCOTT FISHER,0,BRIN0014  
General,ORG0104,AUSYD,,GOLDEN WARP PTY LTD,UNIT 1-2 280 NEW LINE ROAD,DURAL,,,02 9651 4277,cargoservices.shipper+300531@gmail.com,CHERYL LOW  0403 547 333,0,GOWA0002  
General,ORG0105,,,AACHENER PRINTEN-UND SCHOKOLADENFAB,BORCHERSSTRABE 18,AACHEN,,,0049 0 241 89…,cargoservices.shipper+300539@gmail.com,SABINE JUNG,0,AAPR0001  
General,ORG0106,CNNKG,,NANJING DONGHUA TEDDY TOYS CO LTD,TIANFU YUAN GULOU BLOCK,NANJING JIANGSU PROVINCE,,,86 25 86892107,cargoservices.shipper+300540@gmail.com,SUNJIE (MR),0,NADO0002  
General,ORG0107,AUFRE,,AUSTWIDE CONSUMER PRODUCTS,6-22 MAGNET RD,CANNINGVALE,,,08 9455 3200,cargoservices.shipper+300541@gmail.com,GEOFF HEM,0,AUCO0017  
General,ORG0108,HKHKG,,MULTI LINES INTERNATIONAL CO LTD,19 SHEUNG YUET RD,KOWLOON BAY KOWLOON,,,852 2558 1786,cargoservices.shipper+300542@gmail.com,GARY SINGH,0,MULI0004  
General,ORG0109,,,THE BELGIAN CHOCOLATE GROUP NV,GEELSEWEG 72,OLEN,,,32 14258525,cargoservices.shipper+300544@gmail.com,MICHIEL MEIRE,0,THBE0012  
General,ORG0110,HKHKG,,CARDINAL GAMES INTERNATIONAL LTD,92 GRANVILLE RD,TST EAST KOWLOON,,,852 23692321,cargoservices.shipper+300546@gmail.com,CHRIS PARAS,0,CAGA0005  
General,ORG0111,GBBHM,,WALKERS CHOCOLATES LTD,BRICKFIELD ROAD,WEST MIDLANDS BIRMINGHAM,,,44 121 244 1600,cargoservices.shipper+300549@gmail.com,DANIEL DOHERTY,0,WACH0002  
General,ORG0112,AUMEL,,NMC INTERNATIONAL,43 REDESDALE ROAD,KYNETON,,,03 5421 1500,cargoservices.shipper+300552@gmail.com,KARL BARKER,0,NMIN0001  
General,ORG0113,HKHKG,,CPL GLOBAL SOURCING LIMITED,61 MODY ROAD,TSIM SHA TSUI KOWLOON,,,852 3752 8001,cargoservices.shipper+300554@gmail.com,LARA CEROLINI,0,CPGL0001  
General,ORG0114,,,PANSY ACCESSORIES CORPORATION,350 IRMA ST MARICK SUBDIVISION,CAINTA RIZAL,,,632 6569644,cargoservices.shipper+300555@gmail.com,BENILDA MANALO,0,PAAC0003  
General,ORG0115,CNCAN,,"GUANGZHOU WICO INDUSTRIAL CO., LIMI",111 BAI YUN ROAD,YUE XIU DISTRICT GUANGZHOU,,,20 8329 2518,cargoservices.shipper+300560@gmail.com,WILLIAM CHOW,0,GUWI0001
General,ORG0116,GBMNC,,IDEAS MARKETING LTD (BIBBY FACTORS),253 HEYWOOD ROAD,PRESTWICH MANCHESTER,,,44 01617731902,cargoservices.shipper+300561@gmail.com,LAUREN DAVIES,0,IDMA0001  
General,ORG0117,,,PROFUSION COSMETICS CORP (YIWU SUNR,2841 S RESERVIOR ST,CA,,,909 591 5678,cargoservices.shipper+300565@gmail.com,SHARON WANG,0,PRCO0026  
General,ORG0118,CATOR,,CLT INTERNATIONAL (MORRISON FINANCI,2535 GERRARD STREET EAST,TORONTO,,,416 686 1140,cargoservices.shipper+300566@gmail.com,HOWARD LINDS,0,CLIN0021  
General,ORG0119,,,HOSLEY INDIA PVT LTD,PHASE EXT,NOIDA UTTAR PRADESH,,,91 120 2562800,cargoservices.shipper+300568@gmail.com,ANITHA SAJEEV,0,HOIN0032  
General,ORG0120,AUMEL,,ALMOR AGENCIES,338 ST KILDA STREET,BRIGHTON,,,0414 999 197,cargoservices.shipper+300569@gmail.com,MARTIN ZLOTNICK,0,ALAG0002  
General,ORG0121,,,UCC DISTRIBUTING INC,1445 ENGINEER STREET,VISTA CALIFORNIA,,,760 431 4794,cargoservices.shipper+300571@gmail.com,JOHN OROZCO,0,UCDI0002
General,ORG0122,AUMEL,,CDB GOLDAIR PTY LTD,49 MCGREGOR'S DRIVE,KEILOR PARK,,,61 03 9336 4423,cargoservices.shipper+300573@gmail.com,CHRIS BREMNER,0,CDGO0001  
General,ORG0123,HKHKG,,RMS INTERNATIONAL (HONG KONG) LTD,67 MODY ROAD,TSIM SHA TSUI KOWLOON,,,852 2954 5638,cargoservices.shipper+300574@gmail.com,KEN LEUNG,0,RMIN0003  
General,ORG0124,AUMEL,,WALL ART WHOLESALERS PTY LTD,1A ROPER STREET,MOORABBIN,,,,cargoservices.shipper+300576@gmail.com,RORY WEINER,0,WAAR0001  
General,ORG0125,HKHKG,,STRONGER PLASTIC CO LTD,168 TEXACO ROAD,TSUEN WAN NT,,,852 2615 1898,cargoservices.shipper+300580@gmail.com,ERIC NG,0,STPL0007  
General,ORG0126,CNNKG,,ARC GLASSWARE NANJING COMPANY LTD,88 XIANXIN ROAD,NANJING,,,613 9310 1755,cargoservices.shipper+300583@gmail.com,SHAHRIAR KHAN,0,ARGL0001  
General,ORG0127,AUMEL,,PLAYGRO PTY LTD (INC NUBY),49-51 SUNMORE CLOSE,HEATHERTON,,,03 8558 2000,cargoservices.shipper+300585@gmail.com,TOULA,0,PLPT0003  
General,ORG0128,AUMEL,,STUDIO KIDS PTY LTD,22 SINGLETON STREET,COLLINGWOOD,,,03 9419 9797,cargoservices.shipper+300587@gmail.com,ALI FLETCHER,0,STKI0001  
General,ORG0129,HKHKG,,KOWLING CO LTD,46/48 WYNDHAM STREET,CENTRAL HONG KONG,,,852 2733 1133,cargoservices.shipper+300588@gmail.com,SANDY CHAN,0,KOCO0007  
General,ORG0130,AUMEL,,GFA (AUST) PTY LTD,61 SUNMORE CLOSE,HEATHERTON,,,03 9551 4666,cargoservices.shipper+300589@gmail.com,AMANDA AITKEN,0,GFXX0001  
General,ORG0131,HKHKG,,MAIORA GROUP LIMITED,ROOM 606 6/F YALE IND CENTRE,61-63 AU PUI WAN STREET SHATIN,,,852 3428 2820,cargoservices.shipper+300591@gmail.com,ELLEN,0,MAGR0011  
General,ORG0132,AUMEL,,JEMARK IMPORTS P/T OVERSEAS,1 TABBITA STREET,MOORABBIN,,,03 9532 5562,cargoservices.shipper+300592@gmail.com,DANIEL PERLSTEIN,0,JEIM0004  
General,ORG0133,AUMEL,,BRANDWORX PTY LTD,PO BOX 631,ROSANNA,,,61 4172 57353,cargoservices.shipper+300594@gmail.com,MAX SMITH,0,BRPT0002  
General,ORG0134,,,TREE TOYS CORPORATION,8TH FLOOR NO 16 LANE 12 1 NEIHU ROA,NEIHU,,,886 2 2797 8086,cargoservices.shipper+300595@gmail.com,NANCY LI,0,TRTO0004  
General,ORG0135,AUMEL,,SHAMROCK INTERNATIONAL,21-23 JOSEPH STREET,BLACKBURN NORTH,,,03 9895 4300,cargoservices.shipper+300596@gmail.com,ALLEN DAVIS,0,SHIN0014  
General,ORG0136,TWTPE,,QUESTWOOD CORPORATION (EVER TOWER),58 SEC 3 CHENGDE ROAD,TAIPEI,,,886 225 945817,cargoservices.shipper+300597@gmail.com,JONATHAN HWANG,0,QUCO0002  
General,ORG0137,SGSIN,,ASPAIL SINGAPORE,629 ARJUNIEO ROAD CITITECH IND BLDG,SINGAPORE,,,65 6747 7090,cargoservices.shipper+300598@gmail.com,T J CHIA,0,ASSI0001  
General,ORG0138,HKHKG,,GAIN TOTAL LIMITED,489-491 CASTL PEAKL RD,CHENG SH KOWLOON,,,852 2117 0518,cargoservices.shipper+300599@gmail.com,SAM WONG,0,GATO0002  
General,ORG0139,,,JIAXING JALY COMMODITIES CO LTD,605 CHANGZU ROAD,NANHU DISTRICT JIAXING ZHEJIANG,,,0412 874 682,cargoservices.shipper+300600@gmail.com,CON TSINTARAKIS 0412 874 682,0,JIJA0002  
General,ORG0140,,,THE LEARNING JOURNEY INTERNATIONAL,24435 N 20TH DRIVE,PHOENIX,,,602 767 1115,cargoservices.shipper+300601@gmail.com,CINDY WILSON,0,THLE0006  
General,ORG0141,GBMNC,,STOCKS (MANCHESTER) LTD,VILLAGE WAY,TRAFFORD PARK MANCHESTER,,,0161 855 6999,cargoservices.shipper+300602@gmail.com,JOANNE ANDERSON,0,STXX0052  
General,ORG0142,HKHKG,,MOTORMAX TOY FACTORY LIMITED,7/F TOWER 1 STH SEAS CENTRE 75 MODY,TSIMSHATSUI EAST KOWLOON,,,852 2722 8000,cargoservices.shipper+300603@gmail.com,ERIC LAI,0,MOTO0004  
General,ORG0143,,,VAN CAEM EUROPE BV,ADMIRAAL BANCKERTWEG 12,ZUID,,,31 715219513,cargoservices.shipper+300605@gmail.com,THOMAS HOVING,0,VACA0002  
General,ORG0144,,,ZHUJI MORETEX SOCKS CO LTD,11 LIANHE ROAD,ZHUJI CITY ZHEJIANG,,,86 575 87135881,cargoservices.shipper+300609@gmail.com,TONY HABIB,0,ZHMO0001  
General,ORG0145,HKHKG,,ARUNA HOMEWARE (HONG KONG) LIMITED,6 HOW MING STREET,TWUN TONG KOWLOON,,,852 36955030,cargoservices.shipper+300611@gmail.com,SULIN CHAN,0,ARHO0006  
General,ORG0146,VNSGN,,HAPROSIMEX SAIGON,77-79 PHO DUC CHINH STREET,DIST 1 HO CHI MINH CITY,,,84 902 418433,cargoservices.shipper+300614@gmail.com,LE THI THU THUY (MARIE),0,HASA0014
General,ORG0147,VNSGN,,DAI DONG TIEN CORPORATION,216 TAN THANH WARD,HO CHI MIN CITY,,,,cargoservices.shipper+300615@gmail.com,MS THUY,0,DADO0002  
General,ORG0148,,,MCPHERSONS HOUSEWARES,105  VANESSA STREET,KINGSGROVE,,,02 9370 8000,cargoservices.shipper+300616@gmail.com,natalie ryan,0,MCHO0003
General,ORG0149,AUMEL,,GIDEON SERVICES PTY LTD OVERSEAS,22 KENILWORTH CRESCENT,GLEN WAVERLEY,,,03 9803 3703,cargoservices.shipper+300617@gmail.com,jo sujana  0488 337730,0,GISE0002
General,ORG0150,HKHKG,,CREATIVE CONCEPTS MANUFACTURING LTD,2G HOK YUEN STREET, HUNG KOWLOON,,,2773 6401,cargoservices.shipper+300619@gmail.com,SHAZIA BIBI,0,CRCO0010  
General,ORG0151,,,LOUMET TOYS PTY LTD,7 STEPNEY STREET,STEPNEY,,,08 8363 0799,cargoservices.shipper+300620@gmail.com,JOSEPH SPAGNOLETTI,0,LOTO0004  
General,ORG0152,,,SODAKING AUSTRALIA,3 MCLELLAN STREET,BAYSWATER,,,0421 997 496,cargoservices.shipper+300621@gmail.com,KEVIN DOHERTY,0,SOAU0004
General,ORG0153,,,KIDZWIZ PTY LTD,8 THORNTON CRES,MITCHAM,,,413743456,cargoservices.shipper+300622@gmail.com,MEYER DIAMOND,0,KIPT0001
General,ORG0154,,,SOCADO SRL,VIA SPAGNA 20,VILLAFRANCA DI VERONIA,,,03 9555 2077,cargoservices.shipper+300623@gmail.com,GERRY VAN AMEYDEN,0,SOSR0003
General,ORG0155,,,LYPRODAN A/S,BERNSTORFFSVEJ 130 DK2900,HELLERUP DENMARK,,,45 3990 8818,cargoservices.shipper+300624@gmail.com,MS EMILY,0,LYAX0001
General,ORG0156,CNCAN,,RAYLEE INTERNATIONAL CO LTD,168 NANTAI ROAD,GUANGZHOU,,,86 20 84344889,cargoservices.shipper+300630@gmail.com,LAURA KEMP,0,RAIN0022
General,ORG0157,TWTPE,,DELTAIC INTERNATIONAL CO LTD,79  SEC 2 SHUANG-SHI ROAD,BANQIAO DISTRICT NEW TAPEI CITY,,,886 2 2251 7070,cargoservices.shipper+300631@gmail.com,ARTHUR CHIU,0,DEIN0040
General,ORG0158,AUMEL,,ARLEC AUSTRALIA PTY LTD,31-41 JOSEPH STREET,BLACKBURN NORTH,,,03 9982 5000,cargoservices.shipper+300634@gmail.com,LIZ SPENCER,0,ARAU0003  
General,ORG0159,,,BIG MOUTH INC,655 WINDING BROOK DVE,GLASTONBURY,,,860 659 8304,cargoservices.shipper+300635@gmail.com,JEFFREY ELSNER,0,BIMO0007
General,ORG0160,AUMEL,,TOYNETWORX,4/87 NEWLANDS ROAD,RESERVOIR,,,03 9460 2277,cargoservices.shipper+300636@gmail.com,BEN BLISS,0,TOXX0041
General,ORG0161,HKHKG,,MEGA BRIGHT INT(PJ SAS TRADING),UNIT 11 11/F BLOCK A HI TECH IND CE,PAK TIN PAR STREET TSUEN WAN,,,61 2 9602 5444,cargoservices.shipper+300637@gmail.com,LUKE,0,MEBR0004  
General,ORG0162,VNSGN,,LE TRAN PRODUCING-TRADING & SERVICE,39/25-27 NGUYEN CUU DAM ST,TAN PHU DIST HO CHI MINH CITY,,,84 8 3713 8888,cargoservices.shipper+300638@gmail.com,MR HUNG,0,LETR0004
General,ORG0163,VNSGN,,SUNRISE POTTERY CO LTD,280B8 LUONG DINH CUA AN PHU DISTRIC,HO CHI MIN CITY,,,84 613 954 357,cargoservices.shipper+300639@gmail.com,THUY TRINH,0,SUPO0004
General,ORG0164,,,M/S LAAJ INTERNATIONAL,A-2 NARAINA INDUSTRIAL AERA,PHASE 1 NEW DELHI,,,011 4141 8661,cargoservices.shipper+300640@gmail.com,RAHUL AGGARWAL,0,MXLA0001
General,ORG0165,CNNGB,,NINGBO POWERR PLASTIC PRODUCTS CO L,CHONGSHOU TOWN,CIXI CITY,,,0086 13605888226,cargoservices.shipper+300641@gmail.com,MR JOHNSON,0,NIPO0005
General,ORG0166,VNSGN,,FMCG VIET CO LTD,203/9 TRUC STR WARD 13,BINH THANH DIST HO CHI MIN CITY,,,84 35533480,cargoservices.shipper+300642@gmail.com,MR CLARK,0,FMVI0001
General,ORG0167,,,IMPACT POSTERS(IMPACT ROCK MERCHAND,1/9 PIONEER AVENUE,THORNLEIGH,,,02 9481 7344,cargoservices.shipper+300643@gmail.com,COLIN WISE,0,IMPO0007
General,ORG0168,CNNGB,,THE GRANDVIEW INDUSTRY CO LTD,555 SOUTH TIANTONG RD,YINZHOU DIST NINGBO CI,,,86 574 89057759,cargoservices.shipper+300644@gmail.com,JASON,0,THGR0012
General,ORG0169,AUMEL,,MJM AUSTRALIA IMPORTS (OS),27 CHRISTENSEN STREET,CHELTENHAM,,,03 9555 3833,cargoservices.shipper+300645@gmail.com,JACQUES LEVY,0,JIPT0001  
General,ORG0170,USNYC,,MACKSON INC D/B/A/SHE'S COOL,1407 BROADWAY SUITE 2116B,"NEW YORK, NY",,,212-398-2515,cargoservices.shipper+300646@gmail.com,AMIT LAMBA,0,MAIN0162
General,ORG0171,,,NESTRADE S.A.,Rue Entre-deux-Villes 12,"CH-1814 La Tour-de-Peilz, Switzerla",,,41219245111,cargoservices.shipper+300649@gmail.com,Alex I,0,NESX0008
General,ORG0172,HKHKG,,GOLDEN FLOWER IND. CO. LTD,491 CATLE PEAK RD,KOWLOON HONG KONG,,,852 27435418,cargoservices.shipper+300650@gmail.com,ALICE,0,GOFL0001
General,ORG0173,,,BINTEX HOLDINGS P/L T/A LOFTEX AUST,1 Talavera Road,NORTH RYDE,,,02 9888 6688,cargoservices.shipper+300651@gmail.com,PETER ROBERTS,0,BIHO0002
General,ORG0174,CNSXG,,SHAOXING SHAFEIER CRAFTS CO LTD,ZONGHENG BRANCH ROAD,SHAOXING CITY ZHEIJIANG,,,86 575 89105172,cargoservices.shipper+300652@gmail.com,ELLERY,0,SHSH0021
General,ORG0175,,,HAUNUI INTERNATIONAL LIMITED,681B ROSEBANK ROAD,AVONDALE,,,6499137535,cargoservices.shipper+300653@gmail.com,EMMA SHAW,0,HAIN0031  
General,ORG0176,AUMEL,,WHOLESALE WAREHOUSE PTY LTD,17 DISSIK STREET,CHELTENHAM,,,03 9555 9884,cargoservices.shipper+300655@gmail.com,BRAD KRUSNOSTEIN,0,WHWA0001
General,ORG0177,AUMEL,,ROSSDALE PTY LTD,351-353 WARRIGAL ROAD,CHELTENHAM,,,03 9583 4411,cargoservices.shipper+300656@gmail.com,TIFFANY STEPHENS,0,ROPT0001
General,ORG0178,HKHKG,,KIMM & MILLER (ASIA) LIMITED,3 HI YIP STREET,YUEN LONG N.T,,,852 26199600,cargoservices.shipper+300657@gmail.com,TRISH MUSCAT 0409 568 975,0,KIXX0020
General,ORG0179,AUMEL,,HINKLER BOOKS PTY LTD,45-55 FAIRCHILD STREET,HEATHERTON,,,03 9552 1333,cargoservices.shipper+300658@gmail.com,NADIKA GARBER,0,HIBO0001  
General,ORG0180,CNHUI,,IDEAL LOCK CO LTD,DONGFENG VILLAGE,HUIZHOU CITY GUANGDONG PROVINCE,,,86 752 6516088,cargoservices.shipper+300659@gmail.com,ERIC NG,0,IDLO0003
General,ORG0181,AUMEL,,WILLIAM A MCNEIL AND CO PTY LTD,400 FOLEYS ROAD,DERRIMUT,,,03 8390 3333,cargoservices.shipper+300662@gmail.com,VICKI GREEN,0,WIAX0002
General,ORG0182,AUMEL,,JTC IMPORT EXPORT PTY LTD,98 SOUTH PARK DRIVE,DANDENONG SOUTH,,,03 9532 5100,cargoservices.shipper+300663@gmail.com,MATTHEW BROOK,0,JTIM0002
General,ORG0183,VNSGN,,BA NHAT RATTAN BAMBOO HIGH GRADE CO,169-171  XO VIET NGHE TINH W 17 BIN,HO CHI MIN CITY,,,08 3898 0916,cargoservices.shipper+300664@gmail.com,NGUYEN DUY TRUNG,0,BANH0001
General,ORG0184,,,STUDIO NOVA,589 THE KINGSWAY,MIRANDA,,,02 9531 2411,cargoservices.shipper+300665@gmail.com,STEPHEN CLARK,0,STNO0002
General,ORG0185,HKHKG,,MAX FORTUNE INDUSTRIAL LIMITED,32/F HING WAI CENTRE 7 TIN WAN PRAY,ABERDEEN,,,852 2518 7600,cargoservices.shipper+300666@gmail.com,JENNIFER AU YEUNG,0,MAFO0008  
General,ORG0186,CNHGH,,HAINAN ZHEJING FOREIGN TRADE CO LTD,200 SHIMAN ST,QIANJIANG NEW TOWN HANGZHOU,,,0086 186 6712...,cargoservices.shipper+300669@gmail.com,JACKY CHEN,0,HAZH0002
General,ORG0187,HKHKG,,FP GLASSWARE INDUSTRY,3 EUNG YUET ROAD,KOWLOON,,,852 2751 9308,cargoservices.shipper+300674@gmail.com,WILLIAM LAU,0,FPGL0002  
General,ORG0188,CNLNH,,"TAIZHOU XINHUALIAN PLASTIC CO.,LTD",SHANGJIN INDUSTRIALPARK,LINHAI TAIZHOU ZHEJIANG,,,86 576 85696777,cargoservices.shipper+300675@gmail.com,SOPHIA CHEN,0,TAXI0001
General,ORG0189,,,"HOMCO HOUSEHOLD PRODUCTS CO., LTD",DONGGANG EAST STREET,JINHUA CITY,,,0579 8912 5065,cargoservices.shipper+300676@gmail.com,JASON,0,HOHO0012
General,ORG0190,CNHGH,,HANGZHOU ZIELE TRADING CO LTD,ROOM 0810 GUANG LI BLDG 136 QING CH,HANGZHOU CITY,,,0086 0571 872...,cargoservices.shipper+300677@gmail.com,DANIEL,0,HAZI0001
General,ORG0191,,,TONTINE GROUP (JOHN COTTON AUSTRALI,144-168 NATIONAL BLVD,CAMPBELLFIELD,,,1800 725 500,cargoservices.shipper+300678@gmail.com,SCOTT GICK,0,TOGR0010
General,ORG0192,AUMEL,,HUNTER PRODUCTS PTY LTD,424 WARRIGUL ROAD,MOORABBIN,,,03 9262 2900,cargoservices.shipper+300684@gmail.com,DAVID PEEL,0,HUPR0003
General,ORG0193,,,UNITEX INTERNATIONAL,53 BOURKE ROAD,ALEXANDRIA,,,02 9669 6317,cargoservices.shipper+300689@gmail.com,AFSHIN NEJADIRAN,0,UNIN0025
General,ORG0194,CNSHA,,ALVIN CULTURAL AND SPORT(ALVIN INTE,1001-1002 1018 10TH FLOORT BDG 3 GR,58 EAST  XINJIAN ROAD SHANGHAI,,,03 9827 5179,cargoservices.shipper+300694@gmail.com,PETER YAN,0,ALCU0002
General,ORG0195,CNHGH,,ZHEJIANG ARTS & CRAFTS IMP & EXP CO,12N  ZHONGSHAN ROAD,HANGZHOU,,,86 571 8568 2918,cargoservices.shipper+300695@gmail.com,FANG JIONG,0,ZHAR0001
General,ORG0196,VNSGN,,HACA CO LTD,64/22 LE QUANG DINH WARD,14 BINH THANH DIST HO CHI MIN CITY,,,848 35107 100,cargoservices.shipper+300699@gmail.com,HOANG XUAN PHUONG,0,HACO0029
General,ORG0197,,,GARLAND SALES INC (MILBERG FACTORS,1800 ANTIOCH ROAD,DALTON GA,,,800 524 0361,cargoservices.shipper+300700@gmail.com,CHRIS LATOUR,0,GASA0006
General,ORG0198,HKHKG,,PERPETUAL PLAY GROUP LIMITED,44 WYNDHAM STREET,HONG KONG,,,03 8807 9994,cargoservices.shipper+300701@gmail.com,GIL LOCKHART,0,PEPL0007  
General,ORG0199,AUMEL,,GENEX AUSTRALIA PTY LTD,2 RAYNES CLOSE,CARRUM DOWNS,,,03 9532 0624,cargoservices.shipper+300704@gmail.com,DANIEL HOOPER,0,GEAU0004
General,ORG0200,HKHKG,,SWANTEX ASIA LIMITED,359 & 361 QUEENS RD CENTRAL,SHEUNG WAN,,,852 2721 9088,cargoservices.shipper+300705@gmail.com,ANGIE LIU,0,SWAS0001  
General,ORG0201,TWTPE,,TAIWAN POWCO LTD,15FL NO 129 FU HSIN SOUTH ROAD SEC,TAIPEI TAIWAN,,,886 2 27312167,cargoservices.shipper+300710@gmail.com,PETER RICHARDSON,0,TAPO0002
General,ORG0202,THBKK,,FOURPOINT DIRECT EXPORTS LTD,15/2 CHAENGWATTANA RD,TUNGSONGHONG LAKSI BANGKOK,,,662 982 5372,cargoservices.shipper+300711@gmail.com,ADRIAN STEPHEN BRUNSDON,0,FODI0003  
General,ORG0203,CNDGG,,OCEAN HARVEST SPORTSWEAR CO LTD,507 YINGBIN ROAD,TANGXIA TOWN DONGGUAN GUANGDONG PRO,,,0769 81282772,cargoservices.shipper+300714@gmail.com,MARTIN EDEN HALL,0,OCHA0001
General,ORG0204,USNYC,,SENTRY INDUSTRIES INC,ONE BRIDGE STREET,NEW YORK,,,18457532910,cargoservices.shipper+300715@gmail.com,PEETU MELWANI,0,SEIN0044
General,ORG0205,CNNGB,,NINGBO HOME DOLLAR IMP & EXP CORP,69 GUANGYUAN ROAD,JIANGBEI DISTRICT NINGBO,,,86 574 88195267,cargoservices.shipper+300716@gmail.com,LESLIE PING,0,NIHO0007
General,ORG0206,VNSGN,,HIEP THANH PLASTIC TRADING MANIFACT,48-49-50 BAI SAY STREET DISCT 6,HO CHI MIN CITY,,,848 385 36240,cargoservices.shipper+300719@gmail.com,VO THI TO NGUYEN,0,HITH0001
General,ORG0207,CNNGB,,HENLEDAR CO LTD,58 QIZHA STREET,NINGBO,,,0086 574 8729...,cargoservices.shipper+300720@gmail.com,MENG CHUN,0,HECO0007
General,ORG0208,HKHKG,,HUGFUN INTERNATIONAL HONGKONG LIMIT,18/F GINZA SQUARE 565-567 NATHAN RO,MONGKOK KOWLOON,,,8657 4236 67090,cargoservices.shipper+300721@gmail.com,LISA,0,HUIN0003  
General,ORG0209,CNDLC,,DALIAN TALENT GIFT CO. LTD,TAIPING TOWN,PULANDIAN COUNTY DALIAN,,,0086 411 8254...,cargoservices.shipper+300722@gmail.com,AVA ZHANG,0,DATA0002  
General,ORG0210,AUMEL,,POWER DC PTY LTD,11 VENTURE WAY,BRAESIDE,,,03 9580 7877,cargoservices.shipper+300723@gmail.com,tim korren,0,PODC0002
General,ORG0211,CNNGB,,NINGBO YOHOO INDUSTRIAL LIMITED,NO 6 SHIYUAN ROAD,YINZHOU,,,86 574 2787 3206,cargoservices.shipper+300724@gmail.com,JANE XU,0,NIYO0008
General,ORG0212,,,TONGLING BIOLOGIC TECHNOLOGY CO LTD,NO 528 DIZHI AVE SHIZISHAN ZONE,TONGLING ANHUI,,,866000000000,cargoservices.shipper+300725@gmail.com,AMANDA,0,TOBI0002
General,ORG0213,AUMEL,,FUTURE BRAND PRODUCTS P/L,492-494 RACECOURSE ROAD,FLEMINGTON,,,03 9676 9444,cargoservices.shipper+300726@gmail.com,STEVE LORENZETTI,0,FUBR0001  
General,ORG0214,AUSYD,,HARPERCOLLINS PUBLISHERS AUSTRALIA,201 ELIZABETH STREET,SYDNEY,,,02 9952 5000,cargoservices.shipper+300727@gmail.com,GUY BENSAUL,0,HAPU0001  
General,ORG0215,CNNGB,,NINGBO JOHNSHEN STATTIONERY CO LTD,111-131 DINGXIANG ROAD,JIANGDONG ZONE NINGBO,,,86 574 27833333,cargoservices.shipper+300728@gmail.com,YOKA YANG,0,NIJO0002  
General,ORG0216,HKHKG,,GOLIATH FAR EAST LIMITED,1 SCIENCE MUSEUM ROAD,TSIMSHATSUI EAST KOWLOON,,,852 2363 4554,cargoservices.shipper+300852@gmail.com,ANDREW PANAGOPOULOS,0,GOFA0005  
General,ORG0217,HKHKG,,MONARCH INTERNATIONAL LTD,0,HONK KONG,,,852 2367 2688,cargoservices.shipper+300853@gmail.com,CALLAN O'HARA,0,MOIN0012  
General,ORG0218,CNSZX,,H & H ASIA LTD,4013 SHENNAN ROAD,SHENZHEN,,,86 755 83026780,cargoservices.shipper+300855@gmail.com,MARK DUFFY,0,HXXX0014  
General,ORG0219,CNNGB,,NINGBO MASCUBE IMP. & EXP. CORP.,58 DAGANG ROAD,NETD BEILUN  NINGBO,,,86 574 86802714,cargoservices.shipper+300856@gmail.com,JESSIE WO,0,NIMA0008  
General,ORG0220,AUMEL,,AUSTRALAISIAN BULK FOODS OVERSEAS,348 SOUTH ROAD,HAMPTON EAST,,,03 9555 2077,cargoservices.shipper+300857@gmail.com,GREG LAMB,0,AUBU0002
General,ORG0221,AUMEL,,CAPRICE AUSTRALIA PTY LTD OVERSEAS,31-49 EASTERN ROAD,SOUTH MELBOURNE,,,03 9922 2500,cargoservices.shipper+300858@gmail.com,JOHN TOMASELLI,0,CAAU0006  
General,ORG0222,CNSZX,,PROCHARGE INTERNATIONAL LTD,FUHUA YI ROAD,FUTIAN CENTRAL ZONE SHENZHEN,,,8680000000000,cargoservices.shipper+300859@gmail.com,JAMES,0,PRIN0049
General,ORG0223,,,DANDONG EVERLIGHT CANDLE INDUSTRY C,15 DAN SHEN ROAD,DANDONG LIAONING,,,86 415 4155358,cargoservices.shipper+300860@gmail.com,AYAL BEER,0,DAEV0004
General,ORG0224,CNNGB,,NINGBO RAVO IMPORT & EXPORT CO LTD,188 CHANGYANG ROAD,JIANG BEI DISTRICT NINGBO,,,86 574 83096538,cargoservices.shipper+300861@gmail.com,FLORA WANG,0,NIRA0002  
General,ORG0225,CNSZX,,"SHENZHEN GROUND ENTERPRISES CO.,LTD",MINGYUEHUADU GONGHE IND ROAD,XIXIANG BAO'AN DISTRICT SHENZHEN,,,0086 755 2303...,cargoservices.shipper+300862@gmail.com,DAVID GE,0,SHGR0002
General,ORG0226,CNSZX,,EUROSUN INTERNATIONAL LTD.,518 IDEA LAND BAOYUAN RD,BAO'AN SHENZHEN,,,86 755 2769 4537,cargoservices.shipper+300864@gmail.com,JAMES,0,EUIN0021
General,ORG0227,HKHKG,,PAMSON PACIFIC ENTERPRISES CORP. LT,114 KING FUK ST,SAN PO KONG KOWLOON,,,852 2321 0933,cargoservices.shipper+300867@gmail.com,NICOLE,0,PAPA0017
General,ORG0228,HKHKG,,SIMBA-TOYS (HONG KONG) LTD.,21 CANTON ROAD,TSIMSHATSUI KOWLOON,,,852 2367 2088,cargoservices.shipper+300870@gmail.com,ELING POON,0,SITO0002  
General,ORG0229,,,LAGO GROUP SPA,VIA ROMA 24,GALLIERA VENETA PADOVA,,,3904 994 75511,cargoservices.shipper+300879@gmail.com,UMBERTO TONIOLO,0,LAGR0006
General,ORG0230,,,KINNERTON CONFECTIONERY AUST P/L UK,845 PACIFIC HIGHWAY,CHATSWOOD,,,02 9413 3149,cargoservices.shipper+300881@gmail.com,DAVID KRUHAK,0,KICO0001  
General,ORG0231,CNNGB,,NINGBO B AND B INTERNATIONAL TRADIN,21 HUALOUXIANG,NINGBO,,,0574 870 29963,cargoservices.shipper+300882@gmail.com,PETER,0,NIBX0002
General,ORG0232,HKHKG,,FPL GROUP LIMITED,164 WAI YIP STREET,KWUN TONG KOWLOON,,,234 50221,cargoservices.shipper+300883@gmail.com,ADRIAN RILEY,0,FPGR0001  
General,ORG0233,AUMEL,,TANGO GROUP INTERNATIONAL,256 WICKHAM ROAD,MOORABBIN,,,03 9555 2523,cargoservices.shipper+300884@gmail.com,SAUL,0,TAGR0007
General,ORG0234,CNNGB,,NINGBO BEST SOLUTIONS IMPORT AND EX,128 NORTH JIEFANG ROAD,NINGBO,,,86 0574 8725 ...,cargoservices.shipper+300886@gmail.com,GLORIA,0,NIBE0004
General,ORG0235,,,ALFRED FRANKS & BARTLETT PIC,UNIT 2 HATFIELD ROAD,ALBAN PARK ST ALBANS HERTS,,,44 1727 833877,cargoservices.shipper+300887@gmail.com,JACKIE MCEWAN,0,ALFR0006  
General,ORG0236,AUMEL,,UNIVERSAL ENTERPRISES,7 CUBITT STREET,CREMORNE,,,03 9421 4511,cargoservices.shipper+300888@gmail.com,MARIA RICHARDSON,0,UNEN0004
General,ORG0237,AUMEL,,GIFT PACKAGING & ACCESSORIES P/L,14-16 EILEEN ROAD,CLAYTON SOUTH,,,03 9546 1188,cargoservices.shipper+300889@gmail.com,MARY BAKER,0,GIPA0003
General,ORG0238,HKHKG,,HOT SHOTS INTERNATIONAL LIMITED,4 HILLWOOD ROAD,TSIM SHA TSUI,,,03 9357 5510,cargoservices.shipper+300890@gmail.com,SCOTT EDGLEY,0,HOSH0008
General,ORG0239,CNNGB,,"BINBIN ARTS & CRAFTS CO.,LTD",789 TONGHUI ROAD,JIANGBEI DISTRICT NINGBO,,,86 574 8774 1328,cargoservices.shipper+300891@gmail.com,NOXN,0,BIAR0003
General,ORG0240,HKHKG,,RED STONE GROUP (HONG KONG) LIMITED,17 CANTON ROAD,TST KOWLOON,,,86 755 8523 8473,cargoservices.shipper+300893@gmail.com,PAUL LUC,0,REST0001
General,ORG0241,HKHKG,,LIFESTYLE BRANDS INTERNATIONAL (HK),6 ON PING ROAD,SIU LEK YUEN,,,613 8793 0000,cargoservices.shipper+300894@gmail.com,REBECCA MCLEAN,0,LIBR0012
General,ORG0242,AUFRE,,LUXE BRANDS GROUP PTY LTD,9/1 WILLIAM STREET,PERTH,,,08 9443 5115,cargoservices.shipper+300895@gmail.com,TALENA MAES,0,LUBR0003
General,ORG0243,CNSWA,,SHANTOU YESWILL TOYS CO. LTD,END OF DEZHEN ROAD,CHENGHAI SHANTOU GUANGDONG,,,86 754 85838481,cargoservices.shipper+300896@gmail.com,CANDY GRABBER PL,0,SHYE0003
General,ORG0244,CNFOC,,"FUZHOU BESTONE COLLECTION CO., LTD",YANGQIAO ROAD,"FUZHOU, FUJIAN",,,86 591 8782 8058,cargoservices.shipper+300897@gmail.com,POWER HUANG,0,FUBE0003
General,ORG0245,,,JIGSAW ANZ PTY LTD,19/33 MACMAHON STREET,HURSTVILLE,,,61 02 9586 1036,cargoservices.shipper+300899@gmail.com,SIMON DIMASCIO,0,JIAN0002
General,ORG0246,CNNGB,,MEICHENG HOLDINGS LTD,655 THE EXTENSION SECT OF LIANFENG,HAISHU DISTRICT NINGBO,,,86 574 5533 2099,cargoservices.shipper+300900@gmail.com,ELLA LIU,0,MEHO0006
General,ORG0247,CNDGG,,"CHAOZHOU LOVING HOME PORCELAIN CO.,",CHENGONGWEI AREA NANMEN VILLAGE,CHAOZHOU CITY GUANGDONG,,,86 0768 689 4458,cargoservices.shipper+300901@gmail.com,SALLY,0,CHLO0009
General,ORG0248,CNJHA,,"ZHEJIANG SOODODO STATIONERY CO., LT",588 MINGLI STREET,JIN DONG ZONE JIN HUA ZHEJIANG,,,0579 85977809,cargoservices.shipper+300902@gmail.com,NANCY FANG,0,ZHSO0001
General,ORG0249,NZAKL,,BLUEBIRD FOODS LTD,124 WIRI STATION ROAD,MANUKAU AUCKLAND,,,64 9262 8800,cargoservices.shipper+300903@gmail.com,LEENA CHANDAPPA,0,BLFO0001
General,ORG0250,CNSHA,,SUGAR AND SPICE TEXTILES,28 DANBA ROAD,SHANGHAI,,,832 1635 39056,cargoservices.shipper+300904@gmail.com,ANDREA MATTHEWS,0,SUXX0037
General,ORG0251,HKHKG,,HOLITON COMPANY LIMITED,42 WONG CHUK HANG ROAD,HONG KONG,,,852 8170 1058,cargoservices.shipper+300905@gmail.com,EMMA LI,0,HOCO0015
General,ORG0252,CNNGB,,"UNION SOURCE CO., LTD",399 JUXIAN ROAD,CHINA,,,86 574 2783 3606,cargoservices.shipper+300906@gmail.com,CANDY,0,UNSO0003
General,ORG0253,CNNGB,,"NINGBO REJOICE I/E CO .,LTD",UNIT 4 NORTH BANK FORTUNE CENTER,JIANGBEI DISTRICT NINGBO,,,86 574 87652373,cargoservices.shipper+300907@gmail.com,JERRY BAO,0,NIRE0002
General,ORG0254,HKHKG,,ORIGIN RED LIMITED,2 CHONG YIP STREET,KWUN TONG,,,882 2312 0612,cargoservices.shipper+300909@gmail.com,SULIN CHAN,0,ORRE0003  
General,ORG0255,HKHKG,,CACO LIMITED,1065 KINGS ROAD,HONG KONG,,,852 2535 6239,cargoservices.shipper+300910@gmail.com,CHRIS,0,CALI0023
General,ORG0256,CNNGB,,NINGBO TOP FUTURE INTERNATIONAL TRA,XINFU ROAD,ZHEJIANG NINGBO,,,86 574 8800 1333,cargoservices.shipper+300911@gmail.com,BRUCE,0,NITO0004
General,ORG0257,CNNGB,,BSM ENTERPRISE LTD,160 EAST JIN YUAN LANE,NINGBO JIANGDONG,,,86 574 87050632,cargoservices.shipper+300914@gmail.com,BESSIE,0,BSEN0001
General,ORG0258,CNNGB,,"MAS-HOUSEWARE INDUSTRY CO., LIMITED",99 TAIHUI LANE,YINZHOU NINGBO,,,0574 27865291,cargoservices.shipper+300915@gmail.com,MICHAEL,0,MAIN0161
General,ORG0259,CNYIW,,GOLDEN POUND INTERNATIONAL LIMITED,99 PINGHU ROAD,DONG XIN WU QINGKOU YIWU ZHEIJIANG,,,86 057985860323,cargoservices.shipper+300916@gmail.com,DAVID,0,GOPO0002
General,ORG0260,CNNGB,,"NINGBO HOMSKY HOUSEHOLD CO,.LTD",ZHONGHE,YINZHOU DISTRICT NINGBO,,,86 574 8793 9356,cargoservices.shipper+300919@gmail.com,LILY,0,NIHO0008
General,ORG0261,CNNGB,,"NINGBO EATON HOME IMP & EXP. CO., L",THE EXTENSION SECT OF LIANFENG ROAD,HAISHU DISTRICT NINGBO CITY ZHEJIAN,,,86 574 55715701,cargoservices.shipper+300920@gmail.com,PAUL WESTWOOD,0,NIEA0001
General,ORG0262,HKHKG,,SIMPLE SYMBOL LIMITED,39 MA TAU WAI ROAD,HUNGHOM KOWLOON,,,852 2362 0281,cargoservices.shipper+300921@gmail.com,CHRIS HUEN,0,SISY0002  
General,ORG0263,AUMEL,,DCI INTERNATIONAL PTY LTD,23 HINKLER ROAD,MORDIALLOC,,,03 9588 0001,cargoservices.shipper+300922@gmail.com,NATHAN,0,DCIN0002
General,ORG0264,CNCAN,,JUST CERAMIC INDUSTRIAL LIMITED,ZHONGSHAN AVENUE,GUANGZHOU,,,86 20 3809 7108,cargoservices.shipper+300923@gmail.com,THOMAS YU,0,JUCE0002
General,ORG0265,HKHKG,,BESTWAY HONG KONG LIMITED,1407 GOOD HARVEST INDUSTRIAL BUILDI,TUEN MUN,,,852 8108 2801,cargoservices.shipper+300924@gmail.com,ISABELLA,0,BEHO0010  
General,ORG0266,CNLYG,,JIANGSU RUNSHI LIGHT&TEXTILE INDUST,SHIDONG VILLAGE SHIQIAO TOWN GANYU,LIANYUNGANG JIANGSU,,,86 518 8286 0099,cargoservices.shipper+300925@gmail.com,GANWONG,0,JIRU0002
General,ORG0267,HKHKG,,TOM'S TOY INTERNATIONAL (HK) LIMITE,1 SCIENCE MUSEUM ROAD,TSIM SHA TSUI EAST KOWLOON,,,852 2735 2891,cargoservices.shipper+300929@gmail.com,SANDY,0,TOTO0003  
General,ORG0268,CNHGH,,"HANGZHOU FREEFISH IMP. & EXP. CO.,",567 DENGCAI STREET,SANDUN WESTLAKE DISTRICT HANGZHOU,,,86 571 86950885,cargoservices.shipper+300930@gmail.com,SERAPH LOU,0,HAFR0002
General,ORG0269,CNHYN,,"TAIZHOU TEAMWIN ARTS & CRAFTS CO.,",36 KANGZHUANG ROAD WEST INDUSTRIAL,HUANGYAN TAIZHOU CITY ZHEJIANG PROV,,,86 57689182962,cargoservices.shipper+300931@gmail.com,SALES,0,TATE0007
General,ORG0270,HKHKG,,CREATIVE WORLDWIDE (HK) LIMITED,1 WANG TUNG STREET,KOWLOON,,,852 2148 9288,cargoservices.shipper+300932@gmail.com,WINCY WONG,0,CRWO0011
General,ORG0271,CNNGB,,NINGBO JOYFUL INDUSTRY AND TRADE CO,65 SHENGMEI NORTH ROAD,HIGH TECH ZONE NINGBO,,,86 574 87393990,cargoservices.shipper+300933@gmail.com,EVA,0,NIJO0004
General,ORG0272,CNSHA,,GENERAL MERCHANDISE INTERNATIONAL L,55 LUOJIN ROAD,MINHANG DISTRICT SHANGHAI,,,86 21 64401118,cargoservices.shipper+300934@gmail.com,KENNY SO,0,GEME0004
General,ORG0273,CNSHA,,NINGBO FEIHONG STATIONERY LIMITED,8 FENGXIANG ROAD,ZHEIJIANG,,,0574 22662199,cargoservices.shipper+300939@gmail.com,BECKY,0,NIFE0002
General,ORG0274,CNLYG,,"LIANYUNGANG SENHUXI FOODSTUFF CO,.",9 PUXI ROAD,LIANYUNGANG JIANGSU,,,86 5188 3092586,cargoservices.shipper+300944@gmail.com,DANA HU,0,LISE0001  
General,ORG0275,HKHKG,,WINTIDE BRAND LIMITED,14 SCIENCE MUSEUM ROAD,TSIMSHATSUI EAST KOWLOON,,,0086 75488093905,cargoservices.shipper+300945@gmail.com,andrew,0,WIBR0003
General,ORG0276,CNXTA,,XIANGTAN WEISHENG IMPORT AND EXPORT,JINXIANGTAN COMMERCIAL SQUARE,YUHU DISTRICT XIANGTAN,,,0731 55571809,cargoservices.shipper+300946@gmail.com,BRENDA,0,XIWE0002
General,ORG0277,AUMEL,,MPR PTY LTD TRADING AS KORIMCO TOYS,127 LOGIS BLVD,DANDENONG SOUTH,,,03 9706 9057,cargoservices.shipper+300947@gmail.com,LOUISE,0,MPPT0001
General,ORG0278,,,AUSTRALIAN BUSINESS MOBILES (NSW) P,5A 149-163 MITCHELL ROAD,ERSKINEVILLE,,,0459 900 655,cargoservices.shipper+300948@gmail.com,TIM REYNOLDS,0,AUBU0003
General,ORG0279,CNNGB,,BEIFA GROUP CO LTD,298 JIANGNAN ROAD EAST,NINGBO,,,86 574 56786889,cargoservices.shipper+300949@gmail.com,FIONA,0,BEGR0008  
General,ORG0280,CNSHA,,SHANGHAI CHEN LING  INDUSTRIAL CO.L,SHENWANG ROAD,MINGHANG SHANGHAI,,,86 21 65337918,cargoservices.shipper+300950@gmail.com,KRIS,0,SHCH0013
General,ORG0281,HKHKG,,DRAGON-I TOYS LTD,9 SCIENCE MUSEUM ROAD,KOWLOON,,,852 3182 5219,cargoservices.shipper+300952@gmail.com,ALEX,0,DRTO0002  
General,ORG0282,CNSZX,,L AND M TECHNOLOGY LIMITED,2/F BLOCK BZ HUNG MABU THIRD IND PA,BAO'AN DISTRICT SHENZHEN,,,86 755 2747 3335,cargoservices.shipper+300953@gmail.com,ANDY,0,LXXX0014
General,ORG0283,CNSHA,,TOP GOAL ENTERPRISE LIMITED,4855 GUANGFULIN ROAD,XIAOKUNSHAN ZHEN SHANGHAI,,,86 21 67877199,cargoservices.shipper+300954@gmail.com,CLARK,0,TOGO0001  
General,ORG0284,HKHKG,,CONTAC CABLE INDUSTRIAL LIMITED,55 HOI YUEN ROAD,KWUN TONG KOWLOON,,,852 23072768,cargoservices.shipper+300955@gmail.com,EDWIN,0,COCA0013  
General,ORG0285,HKHKG,,HEADSTART DIRECT LIMITED,1 SCIENCE MUSEUM ROAD,TST EAST,,,852 3153 4878,cargoservices.shipper+300956@gmail.com,JESSIE,0,HEDI0004  
General,ORG0286,HKHKG,,HTI TOYS HK LIMITED,22 HUNG TO ROAD,KWAN TONG,,,852 2724 8183,cargoservices.shipper+300957@gmail.com,iris,0,HTTO0001  
General,ORG0287,HKHKG,,DSL HOLDING LIMITED,21 MA TAU WAI ROAD,HUNGHOM KOWLOON,,,852 21867477,cargoservices.shipper+300958@gmail.com,NIKKO LAM,0,DSHO0001
General,ORG0288,CNNGB,,"NINGBO WINPEX IMP. & EXP. CO., LTD",818 JINYUAN ROAD,YINZHOU DISTRICT NINGBO,,,86 574 28867628,cargoservices.shipper+300959@gmail.com,TRACY BI,0,NIWI0005  
General,ORG0289,SGSIN,,TRIWIN RESOURCES PTE. LTD,18 RICHARDS AVEBUE,SINGAPORE,,,6593780246,cargoservices.shipper+300960@gmail.com,DENIS,0,TRRE0004
General,ORG0290,INBOM,,PRINCE CORP PVT. LTD.,OPP SION CHUNABHATTI SIGINAL,SION EAST MUMBAI,,,022 24082288,cargoservices.shipper+300961@gmail.com,neeraj,0,PRCO0035
General,ORG0291,CNNGB,,NINGBO XIANGFENG IMP&EXP CO LTD,50 JIYIN ROAD,NINGBO,,,86 574 8623 1519,cargoservices.shipper+300962@gmail.com,Maria Zhu,0,NIXI0001  
General,ORG0292,CNNGB,,"NINGBO LINKART PAPER PRODUCTS CO.,",568 SOUTHERN TIAN TONG ROAD,"YINGZHOU DISTRICT , NINGBO",,,86 574 5586 1903,cargoservices.shipper+300963@gmail.com,AMY,0,NILI0009
General,ORG0293,THBKK,,"PICNIC PLAST INDUSTRIAL CO.,LTD",49 SOI KAMNANMAN 13,BANGBON BANGBON,,,66 2 8975051,cargoservices.shipper+300964@gmail.com,SURACHAI,0,PIPL0006
General,ORG0294,CNSZX,,CHANNELLEE INDUSTRIAL LIMITED,SHIAO 2ND AREA,DALANG LONGHUA SHENZHEN,,,86 755 29537112,cargoservices.shipper+300969@gmail.com,NICOLE,0,CHIN0025
General,ORG0295,HKHKG,,POWER SKY INTERNATIONAL LIMITED,151-153 HOI BUN ROAD,KWUN TONG KOWLOON,,,852 3693 8000,cargoservices.shipper+300970@gmail.com,viven,0,POSK0002  
General,ORG0296,CNTGZ,,SINCHEM SILICA GEL CO..LTD,1 XINXU INDUSTRIAL,DONGGUO TOWN TENGZHOU,,,86 632 2528333,cargoservices.shipper+300971@gmail.com,LEE,0,SHSI0003
General,ORG0297,HKHKG,,STALLION SPORT LIMITED,TAI YOU STREET,SAN PO LONG KOWLOON,,,852 3516 2388,cargoservices.shipper+300972@gmail.com,CHRIS FOX,0,STSP0015  
General,ORG0298,,,MITTAL INTERNATIONAL,275 SECTOR,PANIPAT,,,91 180 6612600,cargoservices.shipper+300973@gmail.com,MR TARUN MITTAL,0,MIIN0023
General,ORG0299,CNNGB,,"NINGBO SEATOP IMP & EXP CO.,LTD",TIANTONG SOUTH ROAD,YINZHOU,,,0574 8739 7730,cargoservices.shipper+300974@gmail.com,WENDY,0,NISE0003
General,ORG0300,,,"ZHEJIANG XINDING PLASTIC CO.,LTD",2267 JINGZHONG ROAD,HONGIIA ZHEJIANG,,,0576 88806758,cargoservices.shipper+300975@gmail.com,JANE,0,ZHXI0005
General,ORG0301,HKHKG,,GI-GO TOYS FACTORY LTD,63 MODY ROAD,TST EAST,,,852 2311 9902,cargoservices.shipper+300976@gmail.com,SIMON,0,GITO0003  
General,ORG0302,CNNKG,,"NANJING DELTA TOYS & NOVELTY CO., L",66 RUAN JIAN,YUHUA NANJING,,,86 2587718508,cargoservices.shipper+300977@gmail.com,ALICE,0,NADE0004
General,ORG0303,,,THE GEELONG BRUSH COMPANY,40 LEATHER STREET,BREAKWATER,,,03 5229 7663,cargoservices.shipper+300978@gmail.com,JATIN SHARMA,0,THGE0001  
General,ORG0304,CNNGB,,"NINGBO SOFINE UNION HOME DECOR CO.,",188 TAIAN MIDDLE ROAD,YINZHOU NINGBO,,,86 574 88173695,cargoservices.shipper+300979@gmail.com,SOPHIA,0,NISO0003
General,ORG0305,,,CJ GLOBAL INC,20-21 WAGARAW ROAD,NEW JERSEY FAIR LAWN,,,646 415 9056,cargoservices.shipper+300981@gmail.com,AL JACOB,0,CJGL0002
General,ORG0306,CNNGB,,"NINGBO PARAMONT IMP. & EXP. CO., LT",1498 JIANGNAN ROAD,NINGBO,,,86 574 557178,cargoservices.shipper+300982@gmail.com,LILY XIA,0,NIPA0008
General,ORG0307,CNNGB,,"NINGBO MARSWATER IMP & EXP. CO.,LTD",THE EXTENSION SECT OF LIANFENG ROAD,NINGBO CITY ZHEIJIANG,HAISHU DISTRICT,,086 574 55228321,cargoservices.shipper+300984@gmail.com,JANE,0,NIMA0009
General,ORG0308,,,"ZHEJIANG HENGYANG UMBRELLA CO.,LTD",518 GUANGDONG ROAD,ZHEJIANG,,,86 057 82296328,cargoservices.shipper+300985@gmail.com,NINA,0,ZHHE0008
General,ORG0309,CNNKG,,JESN ENTERPRISES LIMITED,27 YANLING LANE,QINHUAI DISTRICT NANJING,,,25 84419355,cargoservices.shipper+300986@gmail.com,VICKY,0,JEEN0004
General,ORG0310,,,"ZHANGZHOU ALILY BATH PRODUCTS CO.,",WENPU ROAD,JIAOMEI ECONOMIC DEVELOP ZONE ZHANG,,,0596 3920365,cargoservices.shipper+300989@gmail.com,ANNA,0,ZHAL0001
General,ORG0311,CNXMN,,LANDY INTERNATIONAL,192-196 TIANFENG TOAD,JIMEI XIAMEN FUJIAN,,,86 592 6299821,cargoservices.shipper+300990@gmail.com,NIKKI,0,LAIN0011
General,ORG0312,,,MENNY CORPORATION (INTL) PTY LTD,46-50 KENT ROAD,MASCOT,,,02 9126 9279,cargoservices.shipper+300991@gmail.com,MENNY WASSERSHTROM,0,MECO0016
General,ORG0313,,,HASBRO INTERNATIONAL TRADING B.V.,DE ENTREE 240,1101 EE AMSTERDAM,,,31 20800 4620,cargoservices.shipper+300992@gmail.com,NICHOLAS WOODS,0,HAIN0014  
General,ORG0314,CNSHA,,SAAME TOOLS (SHANGHAI) IMPORT AND E,1369 KANGQIAO DONG ROAD,SHANGHAI PUDONG NEW AREA,,,86 021 68139851,cargoservices.shipper+300993@gmail.com,RENXIANGQUN,0,SATO0005
General,ORG0315,CNSZX,,INTRA BRANDS LIMITED,1008 HONGLING ZHONG ROAD,SHENZHEN,,,86 755 25588353,cargoservices.shipper+300994@gmail.com,BETTY HUNAG,0,INBR0004
General,ORG0316,CNSWA,,HONGKONG ZHEHONG TOY LIMITED,FUAN NORTH ROAD,CHENGHAI DISTRICT SHANTOU GUANGDONG,,,86 754 89868721,cargoservices.shipper+300995@gmail.com,FINY CAI,0,HOZH0001
General,ORG0317,CNHGH,,"HANGZHOU EDAR INTERNATIONAL CO., LT",238 TIANMUSHAN ROAD,HANGZHOU ZHEJIANG,,,86 571 56837002,cargoservices.shipper+300996@gmail.com,IVY LE,0,HAED0001
General,ORG0318,CNHFE,,"HEFEI DGCT IMP. & EXP. CO., LTD",168 XIANGZHANG ROAD,HIGH-TECH DISTRICT HEFEI ANHUI,,,86 551 65302951,cargoservices.shipper+300997@gmail.com,LIN CHEN,0,HEDG0001
General,ORG0319,CNHGH,,"HANGZHOU SUNCLEANING CO., LTD.",30 WANTANG ROAD,HIGH NEW EAST SCIENCE TECH.PARK HAN,,,86 571 28861586,cargoservices.shipper+300998@gmail.com,ANNY,0,HASU0005
General,ORG0320,CNJIA,,"INNOVATIVE CREATIONS, INC",33 HONGSHAN STREET,XINWU DISTRICT WUXI JIANGSU,,,86 25 84530453,cargoservices.shipper+300999@gmail.com,HILLARY DING,0,INCR0001
General,ORG0321,,,CANNINGVALE INTERNATIONAL PTY LTD,17 WILLIAM STREET,CREMORNE,,,61 1800801728,cargoservices.shipper+301000@gmail.com,SALES MANAGER,0,CAIN0060
General,ORG0322,CNSHA,,"HOT FOCUS, INC",58 XINHAO ROAD,PUDONG NEW DISTRICT SHANGHAI,,,86 21 5838246,cargoservices.shipper+301001@gmail.com,LILIAN LEE,0,HOFO0006
General,ORG0323,AUMEL,,CLASSICA KITCHEN & GIFTWARE PTY LTD,2/12 LINCOLN STREET,BRUNSWICK EAST,,,03 9383 5222,cargoservices.shipper+301002@gmail.com,ROBERT BEKHAZI,0,CLKI0002
General,ORG0324,CNNGB,,NINGBO SHENGTONG FASHION ACCESSORIE,818 QIMING ROAD,YINZHOU NINGBO,,,86 574 87170276,cargoservices.shipper+301003@gmail.com,ANTHONY YU,0,NISH0006
General,ORG0325,AUMEL,,MISTIYARN PTY LIMITED TRADING AS MI,615 WARRIGAL ROAD,ASHWOOD,,,03 9569 8800,cargoservices.shipper+301004@gmail.com,RICK HARRIS,0,MIPT0002  
General,ORG0326,,,HOT SPRINGS PTY LTD,37 DIIDT STREET,ALEXANDRIA,,,02 8080 2000,cargoservices.shipper+301005@gmail.com,FAY GAZAL HYBKI,0,HOSP0001  
General,ORG0327,NZAKL,,STAR PRODUCTS LTD,3 BROADWAY,AUCKLAND,,,64 9636 4484,cargoservices.shipper+301006@gmail.com,MARCHEA ADAMS,0,STPR0017
General,ORG0328,CNNGB,,"NINGHAI YODA STATIONERY CO., LTD.",16 JINSHAN 9TH ROAD,TAOYUAN DISTRICT NINGHAI NINGBO,,,86 574 82538881,cargoservices.shipper+301007@gmail.com,SUSIE CHAN,0,NIYO0009
General,ORG0329,CNNGB,,"NINGBO SOLAR TECH IMP & EXP CO., LT",818 JINYUAN ROAD,NINGBO ZHEJIANG,,,86 574 28870771,cargoservices.shipper+301008@gmail.com,ALICE,0,NISO0004
General,ORG0330,CNTAO,,QINGDAO BOARDEST ARTS AND CRAFTS CO,44-60 ZHONGSHAN ROAD,SHI NAN DISTRICT QINGDAO,,,86 532 83813319,cargoservices.shipper+301009@gmail.com,ROBIN XIN,0,QIBO0001
General,ORG0331,CNNGB,,NINGBO WIN ALL STATIONERY & GIFT CO,28 BAIZHANG E. ROAD,NINGBO,,,86 574 87283776,cargoservices.shipper+301010@gmail.com,FRANK,0,NIWI0006
General,ORG0332,HKHKG,,ECLIPSE TECHNOLOGY LIMITED,135 HOI BUN ROAD,KWUN TONG KOWLOON,,,852 574 87092960,cargoservices.shipper+301011@gmail.com,JOHN JENNINGS,0,ECTE0005
General,ORG0333,HKHKG,,TRAVELWAY GROUP INT'L HONG KONG LTD,22-26 AUSTIN AVE.,TSIMSHATSUI,,,852 2317 0018,cargoservices.shipper+301012@gmail.com,JOE ASSI,0,TRGR0002  
General,ORG0334,CNCAN,,"AEMAXX CO., LIMITED",DONGPU ER ROAD,TIANHE DISTRICT GUANGZHOU,,,86 20 38395470,cargoservices.shipper+301013@gmail.com,TINA,0,AECO0001
General,ORG0335,HKHKG,,BONTEX INDUSTRIAL COMPANY,28 WANG WO TSAI STREET,TSUEN WAN M.T.,,,852 2408 1517,cargoservices.shipper+301014@gmail.com,DONNY HO,0,BOIN0043
General,ORG0336,CNNGB,,"REGAL BABYCARE CHINA CO., LTD",SOUTH TIAN TONG ROAD,YINZHOU DISTRICT NINGBO ZHEJIANG,,,86 574 82822281,cargoservices.shipper+301015@gmail.com,CHARLIE McSHANAG,0,REBA0005
General,ORG0337,CATOR,,CALIFORNIA INNOVATIONS INC.,36 DUFFLAW ROAD,TORONTO ONTARIO M6A2W1,,,416 590-7700-403,cargoservices.shipper+301016@gmail.com,GUY GAGNON,0,CAIN0037  
General,ORG0338,INBOM,,TRINKETREE,3/57 SAMRAT ASHOK,MUMBAI MAHARASHTRA,,,91 9833069343,cargoservices.shipper+301017@gmail.com,DHRUV MANEK,0,TRXX0053
General,ORG0339,CNSXG,,SHAOXING MAGPIE-TEXTILE COMPANY LTD,188 QISHENG ROAD,PAOJIANG AREA SHAOXING ZHEJIANG,,,86 575 85520908,cargoservices.shipper+301018@gmail.com,KEVIN,0,SHMA0018
General,ORG0340,CNNKG,,EBIC TOOLS LIMITED,109 SOFTWARE AVENUE,NANJING JIANGSU,,,86 25 52275196,cargoservices.shipper+301019@gmail.com,POPPY LI,0,EBTO0002
General,ORG0341,HKHKG,,SPLENDID FOOTWEAR CO. LTD,5 WANG TAI ROAD,KOWLOON BAY,,,852 279 502369,cargoservices.shipper+301020@gmail.com,SIMON CHOW,0,SPFO0003  
General,ORG0342,CNDGG,,STANDBY HOUSEHOLD ARTICLES LIMITED,LIBOSHUI 2ND INDUSTRIAL ZONE,SHIWAN BOLUO HUZHOU GUANGDONG,,,86 752 6187838,cargoservices.shipper+301021@gmail.com,IRIS LIU,0,STHO0016
General,ORG0343,HKHKG,,MING KEE MANUFACTORY LIMITED,1A YUK YAT STREET,TOKWAWAN KOWLOON,,,852 277489 19,cargoservices.shipper+301022@gmail.com,LAWRENCE LEE,0,MIKE0001  
General,ORG0344,,,SADAQAT LIMITED,SAHIANWALA ROAD,FAISALABAD KHURIANWALA,,,9240000000000,cargoservices.shipper+301023@gmail.com,NADEEM IQBAL,0,SALI0007
General,ORG0345,CNSHA,,AILSIN HOLDINGS LIMITED,188 DUJUAN ROAD,PU DONG SHANGHAI,,,86 21 5059 1407,cargoservices.shipper+301024@gmail.com,ANITA ZONG,0,AIHO0001
General,ORG0346,CNSZX,,GOLDEN VISION (CHINA) LIMITED,6 BAO FU ROAD,PING HU LONGGANG DISTRICT SHENZHEN,,,86 18825114689,cargoservices.shipper+301025@gmail.com,IVY CHAN,0,GOVI0001
General,ORG0347,HKHKG,,CHASER INTERNATIONAL LIMITED,5 CANTON ROAD,TST KOWLOONG HONG KONG,,,852 28632106,cargoservices.shipper+301026@gmail.com,DORIS WONG,0,CHIN0024
General,ORG0348,CNSZX,,WINSTARS TECHNOLOGY LTD,DALANG STREET,LONGHUA TOWN BAO'AN DISTRICT SHENZH,,,,cargoservices.shipper+301027@gmail.com,TONY CHEN,0,WITE0002  
General,ORG0349,HKHKG,,PETSOURCE ASIA LIMITED,181 WAI YIP STREET,KWUN TONG KOWLOON HONG KONG,,,852 2981 0811,cargoservices.shipper+301028@gmail.com,NEIL NG,0,PEAS0002  
General,ORG0350,CNQZJ,,"SUNFLOWER HOME DECORATION CO., LTD",397 CHENGHUA SOUTH ROAD,QUANZHOU FUJIAN,,,86 595 2266 1699,cargoservices.shipper+301029@gmail.com,JESSICA ZHANG,0,SUHO0007
General,ORG0351,,,SPORTSWIFT LIMITED - FOB CN,CENTURY HOUSE BRUNEI ROAD,WAKEFIELD WEST YRKSHIRE,,,0044 1924 839,cargoservices.shipper+301030@gmail.com,Chris Beck,0,SPLT0005
General,ORG0352,CNNGB,,NINGBO JEANNY IMPORT & EXPORT CO LT,578 TIANTONG SOUTH ROAD,NINGBO ZHEJIANG,,,86 574 56633301,cargoservices.shipper+301031@gmail.com,GEORGE,0,NIJE0001
General,ORG0353,CNNGB,,"NINGBO TENGONE IMPORT & EXPORT CO.,",NO.1 JINYE STREET,ZHENHAI DISTRICT NINGBO,,,86 574 87607033,cargoservices.shipper+301032@gmail.com,TEDDY DONG,0,NITE0004
General,ORG0354,HKHKG,,GOLDEN POWER CORPORATION (HK) LIMIT,57 TING KOK ROAD,TAI PO HONG KONG,,,852 31252288,cargoservices.shipper+301033@gmail.com,WLTON CHU,0,GOPO0001  
General,ORG0355,CNJIX,,"TONGXIANG ZHONGXIANG TEXTILES CO.,",233 FENGXIANG ROAD,JIAXING TONGXIANG,,,86 573 89375511,cargoservices.shipper+301034@gmail.com,PETER,0,TOZH0001
General,ORG0356,HKHKG,,CREATIVE BALLS MANUFACTURING LTD,2A SAI YEUNG CHOI STREET,MONGKOK KOWLOON HONG KONG,,,852 3524 7262,cargoservices.shipper+301035@gmail.com,MICHELLE POON,0,CRBA0001
General,ORG0357,CNNGB,,"NINGBO LUMIAWELT CO., LTD.",850 CHENGXIN ROAD,YINZHOU NINGBO,,,86 574 88393892,cargoservices.shipper+301036@gmail.com,KAREN WONG,0,NILU0001
General,ORG0358,,,SPORTSWIFT LIMITED - FOB UK,CENTRURY HOUSE BRUNEI ROAD,WAKEFIELD WEST YORKSHIRE,,,0044 1924 839...,cargoservices.shipper+301037@gmail.com,Chris Beck,0,SPLT0005  
General,ORG0359,CNSZX,,S&T BEST SOLUTION LIMITED,5008 LONGGANG ROAD,LONGGANG  DISTRICT SHENZHEN,,,86 755 28995805,cargoservices.shipper+301038@gmail.com,TINA,0,SXBE0002
General,ORG0360,CNYZH,,"YANGZHOU TIIKA TARADING CO., LTD",WEIYANG ROAD,YANGZHOU CITY JIANGSU PROVINCE,,,86 514 87364819,cargoservices.shipper+301039@gmail.com,ADA LI,0,YATI0001
General,ORG0361,CNNGB,,QINGHAI BSBSUCCEED INTERNATIONAL TR,459 TAIKANG MIDDLE ROAD,YINZHOU DISTRICT NINGBO ZHEJIANG,,,86 18268610691,cargoservices.shipper+301040@gmail.com,WENDY LAI,0,QIBS0001
General,ORG0362,,,IGLOO BOOKS LTD,MEARS ABBY ROAD,SYWELL NORTHANTS,,,44 1604 741116,cargoservices.shipper+301041@gmail.com,AMANDA RICE,0,IGBO0001
General,ORG0363,CNDGG,,"GUANGDONG KEGAO ELECTRONICS CO., LT",39 EAST KEJI AVE,NANHAI FOSHAN GUANGDONG P.R.C,,,86 13927772794,cargoservices.shipper+301042@gmail.com,RAYMOND HO,0,GUKE0002
General,ORG0364,CNHFE,,"ANHUI JUST INDUSTRIAL CO., LTD",LONGTU ROAD,HEFEI ANHUI CHINA,,,86 0551-65307186,cargoservices.shipper+301044@gmail.com,CHRIS,0,ANJU0002
General,ORG0365,CNSZX,,SHANTOU GUOYI INDUSTRIAL COMPANY LI,BANTIAN INTERNATIONAL CENTER,LONGGANG DISTRICT SHENZHEN,,,86 755 8465 5247,cargoservices.shipper+301045@gmail.com,LILY YANG,0,SHGU0002
General,ORG0366,AUMEL,,BELLVIEW CORPORATION PTY LTD,41 LAKESIDE AVE,RESERVOIR,,,03 9460 7022,cargoservices.shipper+301046@gmail.com,KAREN LAWLER,0,BECO0019
General,ORG0367,TWTPE,,"ADATA TECHNOLOGY CO., LTD",LIANCHENG ROAD,NEW TAIPEI CITY ZHONGHE DISTRICT,,,886 28228 0886,cargoservices.shipper+301047@gmail.com,MARY WENG,0,ADTE0004
General,ORG0368,,,METTLER PACKAGING PTY LTD,27-31 DUERDIN STREET,NOTTING HILL,,,61 447 061673,cargoservices.shipper+301048@gmail.com,NUR ALTUN,0,MEPA0007  
General,ORG0369,,,WORLDFA EXPORTS PVT. LTD.,449-450 HSIDC EPIP,KUNDLI DISTT SONEPAT HARYANA,,,920000000000,cargoservices.shipper+301054@gmail.com,AKHIL MITTAL,0,WOEX0004
General,ORG0370,CNZUH,,"ZHUHAI HERMESIN ENTERPRISES CO., LT",106 GUANGXIN ROAD,PINGSHA TOWN ZHUHAI,,,86 756 8605 108,cargoservices.shipper+301055@gmail.com,YIN,0,ZHHE0007
General,ORG0371,HKHKG,,TAI KEE INDUSTRIAL COMPANY LIMITED,7 SHEK PAI TAU ROAD,TUEN MUN N.T. HONG KONG,,,852 21919125,cargoservices.shipper+301056@gmail.com,CLIFF,0,TAKE0001
General,ORG0372,CNDGG,,DREAMS INDUSTRIAL LIMITED,89 DURUAN 2 ROAD,PENGJIANG DISTRICT  GUANGDONG,,,750 3655677,cargoservices.shipper+301057@gmail.com,ABBY,0,DRIN0010
General,ORG0373,CNDGG,,SHENZHEN GOLD-EAST ELECTRONIC CO.,"467 GUSHU, XIXIANG",BAO'AN DISTRICT SHENZHEN GUANGDONG,,,86 755 2788 9510,cargoservices.shipper+301058@gmail.com,CHUZHAO CHEN,0,SHGO0001
General,ORG0374,CNWNZ,,TOPBRIGHT ANIMATION CORPORATION,ANYANG STREET,RUIAN WENZHOU ZHEJIANG,,,0571 8678 7395,cargoservices.shipper+301059@gmail.com,JANET,0,TOAN0001
General,ORG0375,CNNGB,,"NINGBO SEASONS IMPORT & EXPORT CO.,",13 YANGUI ROAD,DONGQIANHU TOURIST RESORT,,,86 574 56202320,cargoservices.shipper+301060@gmail.com,HOLLY HU,0,NISE0004
General,ORG0376,,,VENROSS PTY LTD T/AS VR DISTRIBUTIO,22 BUTLER BLVE,ADELAIDE AIRPORT,,,08 8234 1355,cargoservices.shipper+301064@gmail.com,ANTON GUTSCHE,0,VEPT0002
General,ORG0377,,,NEW YORK PTY LTD,312 GEORGE ST,WNDSOR,,,400985345,cargoservices.shipper+301065@gmail.com,PHILIP LLOYD,0,NEYO0003
General,ORG0378,CNNGB,,"NINGBO WELLCOME TRADING CO., LTD.",299 GUANGHUA ROAD,NINGBO,,,86 57489072862,cargoservices.shipper+301066@gmail.com,LILY HUANG,0,NIWE0008
General,ORG0379,,,ENGELITE P/L,7-19 BALLANTYNE STREET,SOUTHBANK,,,61 3 8633 8888,cargoservices.shipper+301069@gmail.com,TOM EVANS,0,ENPX0001
General,ORG0380,CNFOC,,"FUJIAN ONLEAD TRADING CO., LTD",71 WUSI ROAD,FUZHOU,,,86 591 28378966,cargoservices.shipper+301070@gmail.com,JANIE CHENG,0,FUON0001  
General,ORG0381,CNWNZ,,"WENZHOU MAYA TRADE CO., LTD.",168 DAOHANG ROAD,RUIAN CITY ZHEJIANG,,,86 577 66801877,cargoservices.shipper+301071@gmail.com,MICHAEL LIN,0,WEMA0008
General,ORG0382,HKHKG,,SSS PTY LTD,16 VALEDICTION ROAD,KINGS PARK,,,612 9672 3888,cargoservices.shipper+301072@gmail.com,CHERYL ARMSTRONG,0,SSPT0001
General,ORG0383,HKHKG,,REDSHIFT INDUSTRIES LTD,485 CASTLE PEAK ROAD,HONG KONG,,,852 2242 6116,cargoservices.shipper+301073@gmail.com,WILSON WONG,0,REIN0034
General,ORG0384,CNHGH,,"ZHEJIANG FAIRTRADE E-ECOMMERCE CO.,",308 NORTH ZHONGSHAN ROAD,HANGZHOU ZHEJIANG,,,86 571 88763899,cargoservices.shipper+301074@gmail.com,HEBE ZHANG,0,ZHFA0001
General,ORG0385,CNSHA,,"SUNAMI INTERNATIONAL CO., LTD",80 YUN GUANG ROAD,SHANGHAI,,,61 2 96693636,cargoservices.shipper+301080@gmail.com,CHERYL,0,SUIN0040
General,ORG0386,CNSHA,,TOYMONSTER  INTERNATIONAL LIMITED,JINZHONG ROAD,CHANGNING DISTRICT SHANGHAI,,,03 90410369,cargoservices.shipper+301081@gmail.com,CHRIS HARDIMAN,0,TOIN0074
General,ORG0387,HKHKG,,D & S CABLE INDUSTRIES (HK) LIMITED,151 GLOUCESTER ROAD,HONG KONG,,,86 755 83401338,cargoservices.shipper+301084@gmail.com,AGNEL PENG,0,DXXX0023  
General,ORG0388,CNCAN,,FESTA (GUANGZHOU) CO LTD,498 HUANSHI ROAD EAST,GUANGZHOU,,,86 20 87622123,cargoservices.shipper+301085@gmail.com,PATRICK NG,0,FEXX0022
General,ORG0389,HKHKG,,RAYLAND INDUSTRIAL & DEVELOPMENT CO,12-14 SAM CHUK STREET,SAN PO KONG,,,852 27635688,cargoservices.shipper+301090@gmail.com,GILBERT SIN,0,RAIN0013  
General,ORG0390,,,HOGEWONING B.V.,VINKENWEG 50,RIJNSBURG NETHERLANDS,,,31714028501,cargoservices.shipper+301094@gmail.com,TROMP HOGEWONING,0,HOHO0005  
General,ORG0391,CNNGB,,NINGBO SEW-STAR INTERNATIONAL TRADI,3 SHENGBAO ROAD,NINGBO JIANGBEI,,,86 574 87382610,cargoservices.shipper+301095@gmail.com,sales,0,NISE0005
General,ORG0392,CNGUI,,"EISHO CO., LTD.",CHAOYANG ROAD,GUILIN GUANGXI,,,86-773-5680350,cargoservices.shipper+301096@gmail.com,JELLY,0,EICO0002
General,ORG0393,CNHIN,,"ZHEJIANG QIMEI COMMODITY CO., LTD",2 XINYA ROAD,HAINING,,,86 0571 8358 ,cargoservices.shipper+301097@gmail.com,FIONA TAN,0,ZHQI0002  
General,ORG0394,CNDGG,,HK GALONG INDUSTRY LIMITED,1 FENGXING STREET,CHENGHAI SHANTOU GUANGDONG,,,86 754 87215595,cargoservices.shipper+301098@gmail.com,ADA WANG,0,HKGA0001
General,ORG0395,CNYIW,,"YIWU HONGXI CRAFT CO., LTD",533 SHENGSHOU ROAD,CHENGXI INDUSTRIAL AREA YIWU ZHEJIA,,,86 579 89907686,cargoservices.shipper+301099@gmail.com,JACKY CHENG,0,YIHO0001
General,ORG0396,CNTAO,,PARTY TIME DISTRIBUTION LIMITED,237 WAN NIANQUAN ROAD,LICANG DISTRICT QINGDAO,,,86 18660286101,cargoservices.shipper+301100@gmail.com,ANGIE LIU,0,PATI0001
General,ORG0397,,,JUPITER LIGHT APS,BILLEDVEJ 1 SAL 6,NORDHVAN DEMARK,,,45 3526 1111,cargoservices.shipper+301101@gmail.com,LISA LIN HALSKOV,0,JULI0001
General,ORG0398,,,R.H. SMITH AND SONS (WIGMAKERS) LIM,CALDICOTT DRIVE,GAINSBOROUGH LINCOLNSHIRE,,,44 1132 025457,cargoservices.shipper+301102@gmail.com,SHELLEY McGHIE,0,RXXX0019  
General,ORG0399,,,SAMBRO INTERNATIONAL LTD,HARDY'S GATE DUMERS LANE,BURY LANCASHIRE,,,0845 873 9380,cargoservices.shipper+301103@gmail.com,MIKE CLAYTON,0,SAIN0013
General,ORG0400,HKHKG,,WINGART INTERNATIONAL (HONG KONG) C,77-81 CHAI WA KOK STREET,TSUEN WAN N.T.,,,852 9424 2312,cargoservices.shipper+301105@gmail.com,JOANNA LI  / LEXI PENG,0,WIIN0033
General,ORG0401,CNNGB,,"NINGBO EVERSHINE INTERNATIONAL CO.,",99 XIANGYUN NORTH ROAD,HI TECH DISTRICT NINGBO,,,86 574 87256124,cargoservices.shipper+301106@gmail.com,AMY LOU,0,NIEV0004
General,ORG0402,HKHKG,,SPIN MASTER TOYS FAR EAST LTD,77 MODY ROAD,TSIM SHA TSUI EAST KOWLOON,,,852 21704160,cargoservices.shipper+301107@gmail.com,CASSANDRA NARDIN,0,SPTO0001  
General,ORG0403,HKHKG,,"MERCONSER (HK) TOYS CO., LIMITED",122 AUSTIN ROAD,TSIM SHA TSUI KOWLOON,,,86 754 85899755,cargoservices.shipper+301108@gmail.com,SANDY,0,MEXX0086
General,ORG0404,CNNGB,,"NINGBO TOPRANK IMPORT & EXPORT CO.,",958 QIAN HU NORTH ROAD,NINGBO ZHEJIANG,,,0574 87340880,cargoservices.shipper+301109@gmail.com,HANSEN,0,NITO0005
General,ORG0405,CNYZH,,"YANCHENG CREATIVE TRADING CO., LTD",11 JUHENG ROAD,YANCHENG CITY JIANGSU PROVINCE,,,86 515 68559886,cargoservices.shipper+301110@gmail.com,FENG LINMEI,0,YACR0002
General,ORG0406,CNCGS,,SUZHOU DARPOOL IMPORT AND EXPORT CO,28 XUEQIAN ROAD,HAIYU TOWN CHANGSHU JIANGSU,,,86 512 52386155,cargoservices.shipper+301111@gmail.com,PETER YAN,0,SUDA0002
General,ORG0407,CNDGG,,"FEILONG PLASTIC INDUSTRY CO., LTD",SOUTH OF WENGUAN ROAD,CHENHAI SHANTOU GUANGDONG,,,86 754 86989396,cargoservices.shipper+301112@gmail.com,BELINDA ZHANG,0,FEPL0001
General,ORG0408,AUMEL,,AUSTPAPER PTY LTD,32-36 CAPITAL LINK DRIVE,CAMPBELLFIELD VICTORIA,,,03 93570908,cargoservices.shipper+301113@gmail.com,ROBERT LANE,0,AUPA0004  
General,ORG0409,CNSZX,,"SHENZHEN SHUOYU TECHNOLOGY CO., LTD",DALANG STREET,LONGHUA DISTRICT SHENZHEN GUANGDONG,,,0086 755 2821,cargoservices.shipper+301114@gmail.com,YUANYUAN LONG,0,SHSH0020
General,ORG0410,HKHKG,,BUILDER PACKING AND MATERIALS LIMIT,25 TAI YIP STREET,KWUN TONG HONG KONG,,,852 2756 0657,cargoservices.shipper+301115@gmail.com,KAREN LAU,0,BUTR0003
General,ORG0411,CNSZX,,SHENZHEN SKY DRAGON AUDIO-VIDEO,LIUXIAN 2RD,DISTRICT 71 BAOAN SHENZHEN,,,86 755 2766 1570,cargoservices.shipper+301116@gmail.com,CELIA DENG,0,SHSK0002
General,ORG0412,CNCAN,,GUANGZHOU PRODIGY DAILY-PRODUCTION,62 BOAI ROAD,NANSHA DISTRICT GUANGZHOU,,,86 13928836486,cargoservices.shipper+301117@gmail.com,ANNIE HUANG,0,GUPR0004
General,ORG0413,CNSUQ,,"SUQIAN EASY DECORATE CARPET CO., LT",185 JINJIHU ROAD,SUQIAN ECONOMIC ZONE JIANGSU PROVIN,,,86 182 5108 1897,cargoservices.shipper+301118@gmail.com,DORIS CAI,0,SUEA0002
General,ORG0414,CNXMN,,PLAYFUN LIMITED,246 XIANYUE ROAD,XIAMEN FUJIAN,,,86 592 5206153,cargoservices.shipper+301119@gmail.com,SEVI LIN,0,PLLI0004
General,ORG0415,CNNIG,,"YIKAI CO., LIMITED",8 NAN'ERLI GUICHUN ROAD,NANNING GUANGXI,,,86 771 5318561,cargoservices.shipper+301120@gmail.com,WING ZHANG,0,YICO0002  
General,ORG0416,HKHKG,,"KELLY TOYS CO., LIMITED",505 HENNESSY ROAD,CAUSEWAY BAY,,,86 754 89310138,cargoservices.shipper+301121@gmail.com,MIA HUANG,0,KETO0002
General,ORG0417,CNSWA,,SHENGYING TOYS COMPANY LIMITED,DUTOU INDUSTRIAL PARK,SHANGHUA CHENGHAI DISTRICT SHANTOU,,,86 754 85606227,cargoservices.shipper+301122@gmail.com,CARINA,0,SHTO0008
General,ORG0418,AUMEL,,ZURU PTY LIMITED,525 COLLINS STREET,MELBOURNE,,,852 23746 9003,cargoservices.shipper+301123@gmail.com,NICHOLAS CLEAVER,0,ZUPT0001  
General,ORG0419,AUMEL,,IDEAL SOURCES PTY LTD,11-13 LAKEWOOD BOULEVARD,BRAESIDE,,,03 9587 7706,cargoservices.shipper+301124@gmail.com,TONY PASTORE,0,IDSO0004
General,ORG0420,CNSHA,,"SHANGHAI BEAR HUGS TOYS CO., LIMITE",1060 NEW SONGJIANG ROAD,SHANGHAI SONGJIANG,,,021 3779 3812,cargoservices.shipper+301125@gmail.com,SHANG FENG,0,SHBE0008
General,ORG0421,HKHKG,,GIFTED POINT LIMITED,1 WANG KWONG ROAD,KOWLOON  BAY KOWLOON,,,86 592 3675699,cargoservices.shipper+301126@gmail.com,VICTOR YE,0,GIPO0002
General,ORG0422,CNWNZ,,WENZHOU YUANFEI PET TOY PRODUCTS CO,NO 1 CHONGLE ROAD,SHUITOU PINGYANG WENZHOU ZHEJIANG,,,86 0577 5988,cargoservices.shipper+301127@gmail.com,ERICA,0,WEYU0001
General,ORG0423,HKHKG,,BON BON DEVELOPMENT LTD.,14 SCIENCE MUSEUM ROAD,TST EAST KLN. HONG KONG,,,852 2320 1990,cargoservices.shipper+301128@gmail.com,KATHLEEN CHEUNG,0,BOBO0002
General,ORG0424,,,PALADONE PRODUCTS LIMITED,APEX HOUSE DOLPHIN WAY,WEST SUSSEX SHOREHAM-BY-SEA,,,44 1273230037,cargoservices.shipper+301129@gmail.com,NATALEE HILTON,0,PAPR0003  
General,ORG0425,CNNGB,,"NINGBO LEVI HOME PRODUCTS CO., LTD",18 XINGYONG ROAD,JIANGBEI DISTRICT NINGBO ZHEJIANG,,,57456652150,cargoservices.shipper+301130@gmail.com,JORDAN XIA,0,NILE0001
General,ORG0426,BDDAC,,PRAN DAIRY LTD.,PRAGATI SARANI,MIDDLE BADDA,,,88 02 9881792,cargoservices.shipper+301131@gmail.com,TARIQUR RAHMAN,0,PRDA0003
General,ORG0427,HKHKG,,GREAT CHINA EMPIRE LTD,11 ON SUM STREET,SHEK MUN SHATIN,,,852 26869424,cargoservices.shipper+301132@gmail.com,EDDIE,0,GRCH0010  
General,ORG0428,AUMEL,,EC BIRCH PTY LTD,104 DOUGHARTY ROAD,HEIDELBERG WEST,,,03 9450 8900,cargoservices.shipper+301133@gmail.com,SHIV BENJAMIN,0,ECBI0001
General,ORG0429,SGSIN,,MAGNUM ASIA PTE LTD,30 CECIL STREET,PRUDENTIAL TOWEL SINGAPORE,,,61 3 9762 2000,cargoservices.shipper+301134@gmail.com,CORINNE RICO,0,MAAS0002
General,ORG0430,AUSYD,,BMS WHOLESALE PTY LTD,8 GLADSTONE ROAD,CASTLE HILL,,,61 2 9634 7224,cargoservices.shipper+301135@gmail.com,DAVID SMITH,0,BMWH0001
General,ORG0431,CNWHI,,WUHU DELUX MOBILE INTERNET DEVICE,WUHU MACHINERY INDUSTRIAL PARK,WUHU COUNTY,,,86 755 8959 7714,cargoservices.shipper+301136@gmail.com,OWEN WANG,0,WUDE0001
General,ORG0432,HKHKG,,DOLLAR QUEEN LIMITED,11 HOI SHING ROAD,TSUEN WAN,,,852 2620 5000,cargoservices.shipper+301138@gmail.com,JOCELYN LEE,0,DOQU0001
General,ORG0433,CNNGB,,"NINGBO EC LIFE IMP AND EXP CO.,LTD",136 SHUND ROAD,NIBGBO HAISHU,,,86 574 87625122,cargoservices.shipper+301139@gmail.com,JACKIE,0,NIEC0001
General,ORG0434,CNFOC,,FUJIAN JOHNSON INDUSTRIES CO. LTD.,158 WUSI ROAD,FUZHOU FUJIAN,,,86 591 86212080,cargoservices.shipper+301140@gmail.com,JOHNSON,0,FUJO0001
General,ORG0435,HKHKG,,SEASONS HK LTD,15 HING YIP STREET,KWUN TONG,,,852 2312 0110,cargoservices.shipper+301141@gmail.com,ALEX WONG,0,SEXX0033
General,ORG0436,CNYZH,,"YANGZHOU BRUSHMANN GROUP CO., LTD",433 MIDDLE JIANGYANG ROAD,YANGZHOU HANJIANG DISTRICT,,,86 514 87783151,cargoservices.shipper+301142@gmail.com,STEPHANIE TIAN,0,YABR0002
General,ORG0437,CNNGB,,"NINGBO SAGEMENT STATIONERY CO., LTD",299 GUANGHUA ROAD,NINGBO NATIONAL HI-TECH ZONE NINGBO,,,86 574 89072830,cargoservices.shipper+301144@gmail.com,COCO ZHUO,0,NISA0006
General,ORG0438,AUSYD,,NEON ORIENT OCEANIA PTY LTD,39/650 GEORGE STREET,SYDNEY,,,0409 571208,cargoservices.shipper+301149@gmail.com,MARK GRIFFITHS,0,NEOR0001
General,ORG0439,HKHKG,,GERMAN QUALITY CONFECTIONERY LTD,1 HOK YUEN STREET EAST,HONG HOM  HONG KONG,,,852 94080496,cargoservices.shipper+301154@gmail.com,BAERBEL LELLBACH,0,GEQU0001  
General,ORG0440,CNSZX,,SHINERICH INDUSTRIAL LIMITED,1006 FUZHONG 3RD ROAD,SHENZHEN,,,86 755 88267722,cargoservices.shipper+301155@gmail.com,JACKY  LEUNG,0,SHIN0008  
General,ORG0441,CNHGH,,"HANGZHOU RENA PET PRODUCTES CO., LT",39 XINGFA ROAD XINGQIAO STREET,YUHANG DISTRICT HANGZHOU,,,86 571 8616 0970,cargoservices.shipper+301156@gmail.com,NANCY,0,HARE0010
General,ORG0442,HKHKG,,CHASE ON PLASTIC HOUSEWARE LIMITED,182-190 TAI LIN PAI ROAD,KWAI CHUNG N.T.,,,852 2427 3933,cargoservices.shipper+301157@gmail.com,LEO WEI,0,CHON0001  
General,ORG0443,CNSZX,,SHENZHEN OCEANTECH ELECTRONICS CO L,YINTIAN ROAD XI XIANG STREET,BAOAN DISTRICT SHENZHEN GUANGDONG,,,86 138 2745 1180,cargoservices.shipper+301158@gmail.com,SIMON,0,SHOC0001
General,ORG0444,CNJIX,,"XINGAN GREATCHIP INDUSTRY CO., LTD",NORTHERN E-COMMERCE INDUSTRIAL PARK,OF XINGAN JIAN JIANGXI,,,86 796 7139088,cargoservices.shipper+301159@gmail.com,SHIELA,0,XIGR0003
General,ORG0445,CNSHA,,GMA SHANGHAI BRANCH,3062 YANAN WEST ROAD,SHANGHAI,,,86 21 61031555,cargoservices.shipper+301160@gmail.com,PATRICK LEE,0,GMSH0001
General,ORG0446,HKHKG,,KID'S TOYS HK LTD,96 NATHAN ROAD,TSIMSHATSUI,,,852 23688985,cargoservices.shipper+301161@gmail.com,CLIFF CHEUNG,0,KITO0008
General,ORG0447,AUSYD,,BRANDS AND MARKS PTY LIMITED,1 BOX ROAD,TAREN POINT,,,02 8960 9010,cargoservices.shipper+301162@gmail.com,PAUL GRUNDY,0,BRXX0037
General,ORG0448,,,BOOM SWEETS EOOD,UL. KOZANOVSKA 26,ASENOVGRAD,,,359 33124344,cargoservices.shipper+301163@gmail.com,HANS BOOM,0,BOSW0001
General,ORG0449,TWKHH,,K. L. AND LING INTERNATIONAL INC.,206 SEC 1 MIN SHENG ROAD,KAOHSIUNG TAIWAN,,,886 7 2265221,cargoservices.shipper+301164@gmail.com,SOPHIA,0,KXLX0001
General,ORG0450,CNNGB,,"NINGBO HUALEI TOOL CO., LTD.",EAST SECTION GUAN HAI WEI IND ZONE,CIXI ZHEJIANG,,,86 574 6366 8202,cargoservices.shipper+301165@gmail.com,MEGAN FANG,0,NIHU0002  
General,ORG0451,BDDAC,,DURABLE PLASTIC LTD.,PRAN RFL CENTER,105 MIDDLE BADDA DHAKA,,,8802 988 1792,cargoservices.shipper+301166@gmail.com,JOYANTA KUMAR ROY,0,DUPL0003
General,ORG0452,TWTPE,,RITEK CORPORATION,42 KUAN-FU N. ROAD,HSIN-CHU INDUSTRIAL PARK,,,886 3 598 7298,cargoservices.shipper+301169@gmail.com,EMILY KAO,0,RICO0009
